file,issue,severity,remediation,est_hours,verify_test,status,notes
aegis/.git/hooks/applypatch-msg.sample,unsafe_pattern:python_eval_exec token:exec,High,Remove/replace eval/exec; use safe parsing or sandboxed templates; validate inputs.,3,Run semgrep to ensure no eval/exec; add unit tests for parsing.,Closed,Git sample hook; not part of shipped code
aegis/.git/hooks/fsmonitor-watchman.sample,unsafe_pattern:python_eval_exec token:eval,High,Remove/replace eval/exec; use safe parsing or sandboxed templates; validate inputs.,3,Run semgrep to ensure no eval/exec; add unit tests for parsing.,Closed,Git sample hook; not part of shipped code
aegis/.git/hooks/post-update.sample,unsafe_pattern:python_eval_exec token:exec,High,Remove/replace eval/exec; use safe parsing or sandboxed templates; validate inputs.,3,Run semgrep to ensure no eval/exec; add unit tests for parsing.,Closed,Git sample hook; not part of shipped code
aegis/.git/hooks/pre-applypatch.sample,unsafe_pattern:python_eval_exec token:exec,High,Remove/replace eval/exec; use safe parsing or sandboxed templates; validate inputs.,3,Run semgrep to ensure no eval/exec; add unit tests for parsing.,Closed,Git sample hook; not part of shipped code
aegis/.git/hooks/pre-commit.sample,unsafe_pattern:python_eval_exec token:exec,High,Remove/replace eval/exec; use safe parsing or sandboxed templates; validate inputs.,3,Run semgrep to ensure no eval/exec; add unit tests for parsing.,Closed,Git sample hook; not part of shipped code
aegis/.git/hooks/pre-merge-commit.sample,unsafe_pattern:python_eval_exec token:exec,High,Remove/replace eval/exec; use safe parsing or sandboxed templates; validate inputs.,3,Run semgrep to ensure no eval/exec; add unit tests for parsing.,Closed,Git sample hook; not part of shipped code
aegis/.git/hooks/pre-receive.sample,unsafe_pattern:python_eval_exec token:eval,High,Remove/replace eval/exec; use safe parsing or sandboxed templates; validate inputs.,3,Run semgrep to ensure no eval/exec; add unit tests for parsing.,Closed,Git sample hook; not part of shipped code
aegis/.git/objects/98/c60983f408ba03659182823eec40d65d1e0a56,unsafe_pattern:python_eval_exec token:exec,High,Remove/replace eval/exec; use safe parsing or sandboxed templates; validate inputs.,3,Run semgrep to ensure no eval/exec; add unit tests for parsing.,Closed,Git object storage; ignore from code scans
aegis/Cargo.lock,secret_pattern:hex_key_64,High,"Remove secret, rotate credentials, purge git history, add secret scanning to CI",1,Confirm secret removed and rotated; run git-secrets scan; validate no occurrences in repo history,Closed,Reviewed; no secrets present (false positive)
aegis/README.md,secret_pattern:jwt_secret_like,High,"Remove secret, rotate credentials, purge git history, add secret scanning to CI",1,Confirm secret removed and rotated; run git-secrets scan; validate no occurrences in repo history,Closed,Reviewed; no secrets present (false positive)
aegis/WASM_USAGE_GUIDE.md,secret_pattern:jwt_secret_like,High,"Remove secret, rotate credentials, purge git history, add secret scanning to CI",1,Confirm secret removed and rotated; run git-secrets scan; validate no occurrences in repo history,Closed,Reviewed; no secrets present (false positive)
aegis/aegis_crypto_core/Cargo.lock,secret_pattern:hex_key_64,High,"Remove secret, rotate credentials, purge git history, add secret scanning to CI",1,Confirm secret removed and rotated; run git-secrets scan; validate no occurrences in repo history,Closed,Reviewed; no secrets present (false positive)
aegis/aegis_crypto_core/README.md,secret_pattern:jwt_secret_like,High,"Remove secret, rotate credentials, purge git history, add secret scanning to CI",1,Confirm secret removed and rotated; run git-secrets scan; validate no occurrences in repo history,Closed,Reviewed; no secrets present (false positive)
aegis/aegis_crypto_core/pkg/README.md,secret_pattern:jwt_secret_like,High,"Remove secret, rotate credentials, purge git history, add secret scanning to CI",1,Confirm secret removed and rotated; run git-secrets scan; validate no occurrences in repo history,Closed,Reviewed; no secrets present (false positive)
aegis/aegis_crypto_core/pkg/aegis_crypto_core.d.ts,secret_pattern:jwt_secret_like,High,"Remove secret, rotate credentials, purge git history, add secret scanning to CI",1,Confirm secret removed and rotated; run git-secrets scan; validate no occurrences in repo history,Closed,Reviewed; no secrets present (false positive)
aegis/aegis_crypto_core/pkg/aegis_crypto_core.js,unsafe_pattern:python_eval_exec token:exec,High,Remove/replace eval/exec; use safe parsing or sandboxed templates; validate inputs.,3,Run semgrep to ensure no eval/exec; add unit tests for parsing.,Accepted,Generated by wasm-bindgen; monitor and consider build-time hardening
aegis/aegis_crypto_core/src/bin/financial_security.rs,secret_pattern:jwt_secret_like,High,"Remove secret, rotate credentials, purge git history, add secret scanning to CI",1,Confirm secret removed and rotated; run git-secrets scan; validate no occurrences in repo history,Closed,Reviewed; no secrets present (false positive)
aegis/aegis_crypto_core/src/bin/iot_security.rs,secret_pattern:jwt_secret_like,High,"Remove secret, rotate credentials, purge git history, add secret scanning to CI",1,Confirm secret removed and rotated; run git-secrets scan; validate no occurrences in repo history,Closed,Reviewed; no secrets present (false positive)
aegis/aegis_crypto_core/src/bin/secure_messaging.rs,secret_pattern:jwt_secret_like,High,"Remove secret, rotate credentials, purge git history, add secret scanning to CI",1,Confirm secret removed and rotated; run git-secrets scan; validate no occurrences in repo history,Closed,Reviewed; no secrets present (false positive)
aegis/aegis_crypto_core/src/bin/web_api_server.rs,secret_pattern:jwt_secret_like,High,"Remove secret, rotate credentials, purge git history, add secret scanning to CI",1,Confirm secret removed and rotated; run git-secrets scan; validate no occurrences in repo history,Closed,Reviewed; no secrets present (false positive)
aegis/aegis_crypto_core/src/classicmceliece/core.rs,secret_pattern:jwt_secret_like,High,"Remove secret, rotate credentials, purge git history, add secret scanning to CI",1,Confirm secret removed and rotated; run git-secrets scan; validate no occurrences in repo history,Closed,Reviewed; no secrets present (false positive)
aegis/aegis_crypto_core/src/kyber/traits.rs,secret_pattern:jwt_secret_like,High,"Remove secret, rotate credentials, purge git history, add secret scanning to CI",1,Confirm secret removed and rotated; run git-secrets scan; validate no occurrences in repo history,Closed,Reviewed; no secrets present (false positive)
aegis/aegis_crypto_core/tests/classicmceliece_native_tests.rs,secret_pattern:jwt_secret_like,High,"Remove secret, rotate credentials, purge git history, add secret scanning to CI",1,Confirm secret removed and rotated; run git-secrets scan; validate no occurrences in repo history,Closed,Reviewed; no secrets present (false positive)
aegis/aegis_crypto_core/tests/kyber_native_tests.rs,secret_pattern:jwt_secret_like,High,"Remove secret, rotate credentials, purge git history, add secret scanning to CI",1,Confirm secret removed and rotated; run git-secrets scan; validate no occurrences in repo history,Closed,Reviewed; no secrets present (false positive)
aegis/aegis_crypto_core/tests/kyber_wasm_tests.rs,secret_pattern:jwt_secret_like,High,"Remove secret, rotate credentials, purge git history, add secret scanning to CI",1,Confirm secret removed and rotated; run git-secrets scan; validate no occurrences in repo history,Closed,Reviewed; no secrets present (false positive)
aegis/aegis_crypto_core/tools/wasi-sdk-20.0/bin/git-clang-format,unsafe_pattern:python_eval_exec token:subprocess.Popen,High,Remove/replace eval/exec; use safe parsing or sandboxed templates; validate inputs.,3,Run semgrep to ensure no eval/exec; add unit tests for parsing.,Closed,Vendored WASI SDK toolchain; excluded from scans
aegis/aegis_crypto_core/tools/wasi-sdk-20.0/bin/llvm-ar,unsafe_pattern:c_unchecked token:strcpy,High,Replace unsafe C functions with bounds-checked equivalents; add static analysis; add unit tests.,4,Run cppcheck/clang-tidy; fuzz tests on input handling.,Closed,Vendored WASI SDK toolchain; excluded from scans
aegis/aegis_crypto_core/tools/wasi-sdk-20.0/bin/llvm-nm,unsafe_pattern:c_unchecked token:strcpy,High,Replace unsafe C functions with bounds-checked equivalents; add static analysis; add unit tests.,4,Run cppcheck/clang-tidy; fuzz tests on input handling.,Closed,Vendored WASI SDK toolchain; excluded from scans
aegis/aegis_crypto_core/tools/wasi-sdk-20.0/bin/llvm-objdump,unsafe_pattern:c_unchecked token:strcpy,High,Replace unsafe C functions with bounds-checked equivalents; add static analysis; add unit tests.,4,Run cppcheck/clang-tidy; fuzz tests on input handling.,Closed,Vendored WASI SDK toolchain; excluded from scans
aegis/aegis_crypto_core/tools/wasi-sdk-20.0/bin/llvm-objdump,unsafe_pattern:c_unchecked token:strcat,High,Replace unsafe C functions with bounds-checked equivalents; add static analysis; add unit tests.,4,Run cppcheck/clang-tidy; fuzz tests on input handling.,Closed,Vendored WASI SDK toolchain; excluded from scans
aegis/aegis_crypto_core/tools/wasi-sdk-20.0/bin/run-clang-tidy,unsafe_pattern:python_eval_exec token:subprocess.call,High,Remove/replace eval/exec; use safe parsing or sandboxed templates; validate inputs.,3,Run semgrep to ensure no eval/exec; add unit tests for parsing.,Closed,Vendored WASI SDK toolchain; excluded from scans
aegis/aegis_crypto_core/tools/wasi-sdk-20.0/bin/run-clang-tidy,unsafe_pattern:python_eval_exec token:subprocess.Popen,High,Remove/replace eval/exec; use safe parsing or sandboxed templates; validate inputs.,3,Run semgrep to ensure no eval/exec; add unit tests for parsing.
aegis/aegis_crypto_core/tools/wasi-sdk-20.0/share/clang/clang-format-diff.py,unsafe_pattern:python_eval_exec token:subprocess.Popen,High,Remove/replace eval/exec; use safe parsing or sandboxed templates; validate inputs.,3,Run semgrep to ensure no eval/exec; add unit tests for parsing.
aegis/aegis_crypto_core/tools/wasi-sdk-20.0/share/clang/clang-format-sublime.py,unsafe_pattern:python_eval_exec token:subprocess.Popen,High,Remove/replace eval/exec; use safe parsing or sandboxed templates; validate inputs.,3,Run semgrep to ensure no eval/exec; add unit tests for parsing.
aegis/aegis_crypto_core/tools/wasi-sdk-20.0/share/clang/clang-format.py,unsafe_pattern:python_eval_exec token:eval,High,Remove/replace eval/exec; use safe parsing or sandboxed templates; validate inputs.,3,Run semgrep to ensure no eval/exec; add unit tests for parsing.
aegis/aegis_crypto_core/tools/wasi-sdk-20.0/share/clang/clang-format.py,unsafe_pattern:python_eval_exec token:subprocess.Popen,High,Remove/replace eval/exec; use safe parsing or sandboxed templates; validate inputs.,3,Run semgrep to ensure no eval/exec; add unit tests for parsing.
aegis/aegis_crypto_core/tools/wasi-sdk-20.0/share/clang/clang-tidy-diff.py,unsafe_pattern:python_eval_exec token:subprocess.Popen,High,Remove/replace eval/exec; use safe parsing or sandboxed templates; validate inputs.,3,Run semgrep to ensure no eval/exec; add unit tests for parsing.
aegis/aegis_crypto_core/tools/wasi-sdk-20.0/share/misc/config.guess,unsafe_pattern:python_eval_exec token:eval,High,Remove/replace eval/exec; use safe parsing or sandboxed templates; validate inputs.,3,Run semgrep to ensure no eval/exec; add unit tests for parsing.
aegis/aegis_crypto_core/tools/wasi-sdk-20.0/share/misc/config.sub,unsafe_pattern:python_eval_exec token:eval,High,Remove/replace eval/exec; use safe parsing or sandboxed templates; validate inputs.,3,Run semgrep to ensure no eval/exec; add unit tests for parsing.
aegis/aegis_crypto_core/tools/wasi-sdk-20.0/share/wasi-sysroot/include/__header_fcntl.h,unsafe_pattern:python_eval_exec token:exec,High,Remove/replace eval/exec; use safe parsing or sandboxed templates; validate inputs.,3,Run semgrep to ensure no eval/exec; add unit tests for parsing.
aegis/aegis_crypto_core/tools/wasi-sdk-20.0/share/wasi-sysroot/include/c++/v1/__config,unsafe_pattern:c_unchecked token:gets,High,Replace unsafe C functions with bounds-checked equivalents; add static analysis; add unit tests.,4,Run cppcheck/clang-tidy; fuzz tests on input handling.
aegis/aegis_crypto_core/tools/wasi-sdk-20.0/share/wasi-sysroot/include/c++/v1/__config,unsafe_pattern:python_eval_exec token:exec,High,Remove/replace eval/exec; use safe parsing or sandboxed templates; validate inputs.,3,Run semgrep to ensure no eval/exec; add unit tests for parsing.
aegis/aegis_crypto_core/tools/wasi-sdk-20.0/share/wasi-sysroot/include/c++/v1/__config_site,unsafe_pattern:c_unchecked token:gets,High,Replace unsafe C functions with bounds-checked equivalents; add static analysis; add unit tests.,4,Run cppcheck/clang-tidy; fuzz tests on input handling.
aegis/aegis_crypto_core/tools/wasi-sdk-20.0/share/wasi-sysroot/include/c++/v1/__format/buffer.h,unsafe_pattern:c_unchecked token:gets,High,Replace unsafe C functions with bounds-checked equivalents; add static analysis; add unit tests.,4,Run cppcheck/clang-tidy; fuzz tests on input handling.
aegis/aegis_crypto_core/tools/wasi-sdk-20.0/share/wasi-sysroot/include/c++/v1/cstdio,unsafe_pattern:c_unchecked token:scanf,High,Replace unsafe C functions with bounds-checked equivalents; add static analysis; add unit tests.,4,Run cppcheck/clang-tidy; fuzz tests on input handling.
aegis/aegis_crypto_core/tools/wasi-sdk-20.0/share/wasi-sysroot/include/c++/v1/cstdio,unsafe_pattern:c_unchecked token:sprintf,High,Replace unsafe C functions with bounds-checked equivalents; add static analysis; add unit tests.,4,Run cppcheck/clang-tidy; fuzz tests on input handling.
aegis/aegis_crypto_core/tools/wasi-sdk-20.0/share/wasi-sysroot/include/c++/v1/cstdio,unsafe_pattern:c_unchecked token:vsprintf,High,Replace unsafe C functions with bounds-checked equivalents; add static analysis; add unit tests.,4,Run cppcheck/clang-tidy; fuzz tests on input handling.
aegis/aegis_crypto_core/tools/wasi-sdk-20.0/share/wasi-sysroot/include/c++/v1/cstdio,unsafe_pattern:c_unchecked token:gets,High,Replace unsafe C functions with bounds-checked equivalents; add static analysis; add unit tests.,4,Run cppcheck/clang-tidy; fuzz tests on input handling.
aegis/aegis_crypto_core/tools/wasi-sdk-20.0/share/wasi-sysroot/include/c++/v1/cstring,unsafe_pattern:c_unchecked token:strcpy,High,Replace unsafe C functions with bounds-checked equivalents; add static analysis; add unit tests.,4,Run cppcheck/clang-tidy; fuzz tests on input handling.
aegis/aegis_crypto_core/tools/wasi-sdk-20.0/share/wasi-sysroot/include/c++/v1/cstring,unsafe_pattern:c_unchecked token:strcat,High,Replace unsafe C functions with bounds-checked equivalents; add static analysis; add unit tests.,4,Run cppcheck/clang-tidy; fuzz tests on input handling.
aegis/aegis_crypto_core/tools/wasi-sdk-20.0/share/wasi-sysroot/include/c++/v1/locale,unsafe_pattern:c_unchecked token:gets,High,Replace unsafe C functions with bounds-checked equivalents; add static analysis; add unit tests.,4,Run cppcheck/clang-tidy; fuzz tests on input handling.
aegis/aegis_crypto_core/tools/wasi-sdk-20.0/share/wasi-sysroot/include/c++/v1/stdio.h,unsafe_pattern:c_unchecked token:scanf,High,Replace unsafe C functions with bounds-checked equivalents; add static analysis; add unit tests.,4,Run cppcheck/clang-tidy; fuzz tests on input handling.
aegis/aegis_crypto_core/tools/wasi-sdk-20.0/share/wasi-sysroot/include/c++/v1/stdio.h,unsafe_pattern:c_unchecked token:sprintf,High,Replace unsafe C functions with bounds-checked equivalents; add static analysis; add unit tests.,4,Run cppcheck/clang-tidy; fuzz tests on input handling.
aegis/aegis_crypto_core/tools/wasi-sdk-20.0/share/wasi-sysroot/include/c++/v1/stdio.h,unsafe_pattern:c_unchecked token:vsprintf,High,Replace unsafe C functions with bounds-checked equivalents; add static analysis; add unit tests.,4,Run cppcheck/clang-tidy; fuzz tests on input handling.
aegis/aegis_crypto_core/tools/wasi-sdk-20.0/share/wasi-sysroot/include/c++/v1/stdio.h,unsafe_pattern:c_unchecked token:gets,High,Replace unsafe C functions with bounds-checked equivalents; add static analysis; add unit tests.,4,Run cppcheck/clang-tidy; fuzz tests on input handling.
aegis/aegis_crypto_core/tools/wasi-sdk-20.0/share/wasi-sysroot/include/c++/v1/string.h,unsafe_pattern:c_unchecked token:strcpy,High,Replace unsafe C functions with bounds-checked equivalents; add static analysis; add unit tests.,4,Run cppcheck/clang-tidy; fuzz tests on input handling.
aegis/aegis_crypto_core/tools/wasi-sdk-20.0/share/wasi-sysroot/include/c++/v1/string.h,unsafe_pattern:c_unchecked token:strcat,High,Replace unsafe C functions with bounds-checked equivalents; add static analysis; add unit tests.,4,Run cppcheck/clang-tidy; fuzz tests on input handling.
aegis/aegis_crypto_core/tools/wasi-sdk-20.0/share/wasi-sysroot/include/stdio.h,unsafe_pattern:c_unchecked token:gets,High,Replace unsafe C functions with bounds-checked equivalents; add static analysis; add unit tests.,4,Run cppcheck/clang-tidy; fuzz tests on input handling.
aegis/aegis_crypto_core/tools/wasi-sdk-20.0/share/wasi-sysroot/include/stdio.h,unsafe_pattern:c_unchecked token:sprintf,High,Replace unsafe C functions with bounds-checked equivalents; add static analysis; add unit tests.,4,Run cppcheck/clang-tidy; fuzz tests on input handling.
aegis/aegis_crypto_core/tools/wasi-sdk-20.0/share/wasi-sysroot/include/stdio.h,unsafe_pattern:c_unchecked token:vsprintf,High,Replace unsafe C functions with bounds-checked equivalents; add static analysis; add unit tests.,4,Run cppcheck/clang-tidy; fuzz tests on input handling.
aegis/aegis_crypto_core/tools/wasi-sdk-20.0/share/wasi-sysroot/include/stdio.h,unsafe_pattern:c_unchecked token:scanf,High,Replace unsafe C functions with bounds-checked equivalents; add static analysis; add unit tests.,4,Run cppcheck/clang-tidy; fuzz tests on input handling.
aegis/aegis_crypto_core/tools/wasi-sdk-20.0/share/wasi-sysroot/include/string.h,unsafe_pattern:c_unchecked token:strcpy,High,Replace unsafe C functions with bounds-checked equivalents; add static analysis; add unit tests.,4,Run cppcheck/clang-tidy; fuzz tests on input handling.
aegis/aegis_crypto_core/tools/wasi-sdk-20.0/share/wasi-sysroot/include/string.h,unsafe_pattern:c_unchecked token:strcat,High,Replace unsafe C functions with bounds-checked equivalents; add static analysis; add unit tests.,4,Run cppcheck/clang-tidy; fuzz tests on input handling.
aegis/aegis_crypto_core/tools/wasi-sdk-20.0/share/wasi-sysroot/include/unistd.h,unsafe_pattern:python_eval_exec token:exec,High,Remove/replace eval/exec; use safe parsing or sandboxed templates; validate inputs.,3,Run semgrep to ensure no eval/exec; add unit tests for parsing.
aegis/aegis_crypto_core/tools/wasi-sdk-20.0/share/wasi-sysroot/share/wasm32-wasi-threads/defined-symbols.txt,unsafe_pattern:c_unchecked token:scanf,High,Replace unsafe C functions with bounds-checked equivalents; add static analysis; add unit tests.,4,Run cppcheck/clang-tidy; fuzz tests on input handling.
aegis/aegis_crypto_core/tools/wasi-sdk-20.0/share/wasi-sysroot/share/wasm32-wasi-threads/defined-symbols.txt,unsafe_pattern:c_unchecked token:sprintf,High,Replace unsafe C functions with bounds-checked equivalents; add static analysis; add unit tests.,4,Run cppcheck/clang-tidy; fuzz tests on input handling.
aegis/aegis_crypto_core/tools/wasi-sdk-20.0/share/wasi-sysroot/share/wasm32-wasi-threads/defined-symbols.txt,unsafe_pattern:c_unchecked token:strcat,High,Replace unsafe C functions with bounds-checked equivalents; add static analysis; add unit tests.,4,Run cppcheck/clang-tidy; fuzz tests on input handling.
aegis/aegis_crypto_core/tools/wasi-sdk-20.0/share/wasi-sysroot/share/wasm32-wasi-threads/defined-symbols.txt,unsafe_pattern:c_unchecked token:strcpy,High,Replace unsafe C functions with bounds-checked equivalents; add static analysis; add unit tests.,4,Run cppcheck/clang-tidy; fuzz tests on input handling.
aegis/aegis_crypto_core/tools/wasi-sdk-20.0/share/wasi-sysroot/share/wasm32-wasi-threads/defined-symbols.txt,unsafe_pattern:c_unchecked token:vsprintf,High,Replace unsafe C functions with bounds-checked equivalents; add static analysis; add unit tests.,4,Run cppcheck/clang-tidy; fuzz tests on input handling.
aegis/aegis_crypto_core/tools/wasi-sdk-20.0/share/wasi-sysroot/share/wasm32-wasi-threads/predefined-macros.txt,unsafe_pattern:c_unchecked token:strcpy,High,Replace unsafe C functions with bounds-checked equivalents; add static analysis; add unit tests.,4,Run cppcheck/clang-tidy; fuzz tests on input handling.
aegis/aegis_crypto_core/tools/wasi-sdk-20.0/share/wasi-sysroot/share/wasm32-wasi/defined-symbols.txt,unsafe_pattern:c_unchecked token:scanf,High,Replace unsafe C functions with bounds-checked equivalents; add static analysis; add unit tests.,4,Run cppcheck/clang-tidy; fuzz tests on input handling.
aegis/aegis_crypto_core/tools/wasi-sdk-20.0/share/wasi-sysroot/share/wasm32-wasi/defined-symbols.txt,unsafe_pattern:c_unchecked token:sprintf,High,Replace unsafe C functions with bounds-checked equivalents; add static analysis; add unit tests.,4,Run cppcheck/clang-tidy; fuzz tests on input handling.
aegis/aegis_crypto_core/tools/wasi-sdk-20.0/share/wasi-sysroot/share/wasm32-wasi/defined-symbols.txt,unsafe_pattern:c_unchecked token:strcat,High,Replace unsafe C functions with bounds-checked equivalents; add static analysis; add unit tests.,4,Run cppcheck/clang-tidy; fuzz tests on input handling.
aegis/aegis_crypto_core/tools/wasi-sdk-20.0/share/wasi-sysroot/share/wasm32-wasi/defined-symbols.txt,unsafe_pattern:c_unchecked token:strcpy,High,Replace unsafe C functions with bounds-checked equivalents; add static analysis; add unit tests.,4,Run cppcheck/clang-tidy; fuzz tests on input handling.
aegis/aegis_crypto_core/tools/wasi-sdk-20.0/share/wasi-sysroot/share/wasm32-wasi/defined-symbols.txt,unsafe_pattern:c_unchecked token:vsprintf,High,Replace unsafe C functions with bounds-checked equivalents; add static analysis; add unit tests.,4,Run cppcheck/clang-tidy; fuzz tests on input handling.
aegis/aegis_crypto_core/tools/wasi-sdk-20.0/share/wasi-sysroot/share/wasm32-wasi/predefined-macros.txt,unsafe_pattern:c_unchecked token:strcpy,High,Replace unsafe C functions with bounds-checked equivalents; add static analysis; add unit tests.,4,Run cppcheck/clang-tidy; fuzz tests on input handling.
aegis/docs/AEGIS_USER_MANUAL.md,secret_pattern:jwt_secret_like,High,"Remove secret, rotate credentials, purge git history, add secret scanning to CI",1,Confirm secret removed and rotated; run git-secrets scan; validate no occurrences in repo history,Closed,Reviewed; no secrets present (false positive)
aegis/docs/RUSTPQC_INTEGRATION.md,secret_pattern:jwt_secret_like,High,"Remove secret, rotate credentials, purge git history, add secret scanning to CI",1,Confirm secret removed and rotated; run git-secrets scan; validate no occurrences in repo history,Closed,Reviewed; no secrets present (false positive)
aegis/docs/cookbook.md,secret_pattern:jwt_secret_like,High,"Remove secret, rotate credentials, purge git history, add secret scanning to CI",1,Confirm secret removed and rotated; run git-secrets scan; validate no occurrences in repo history,Closed,Reviewed; no secrets present (false positive)
aegis/docs/general_purpose_pq_crypto.md,secret_pattern:jwt_secret_like,High,"Remove secret, rotate credentials, purge git history, add secret scanning to CI",1,Confirm secret removed and rotated; run git-secrets scan; validate no occurrences in repo history,Closed,Reviewed; no secrets present (false positive)
aegis/docs/tech_spec.md,secret_pattern:jwt_secret_like,High,"Remove secret, rotate credentials, purge git history, add secret scanning to CI",1,Confirm secret removed and rotated; run git-secrets scan; validate no occurrences in repo history,Closed,Reviewed; no secrets present (false positive)
aegis/examples/basic-usage.js,secret_pattern:jwt_secret_like,High,"Remove secret, rotate credentials, purge git history, add secret scanning to CI",1,Confirm secret removed and rotated; run git-secrets scan; validate no occurrences in repo history,Closed,Reviewed; no secrets present (false positive)
aegis/examples/performance-benchmark.js,secret_pattern:jwt_secret_like,High,"Remove secret, rotate credentials, purge git history, add secret scanning to CI",1,Confirm secret removed and rotated; run git-secrets scan; validate no occurrences in repo history,Closed,Reviewed; no secrets present (false positive)
aegis/pqcrypto/.venv/lib/python3.12/site-packages/jinja2/__pycache__/environment.cpython-312.pyc,unsafe_pattern:c_unchecked token:gets,High,Replace unsafe C functions with bounds-checked equivalents; add static analysis; add unit tests.,4,Run cppcheck/clang-tidy; fuzz tests on input handling.
aegis/pqcrypto/.venv/lib/python3.12/site-packages/jinja2/__pycache__/environment.cpython-312.pyc,unsafe_pattern:python_eval_exec token:exec,High,Remove/replace eval/exec; use safe parsing or sandboxed templates; validate inputs.,3,Run semgrep to ensure no eval/exec; add unit tests for parsing.
aegis/pqcrypto/.venv/lib/python3.12/site-packages/jinja2/__pycache__/nativetypes.cpython-312.pyc,unsafe_pattern:python_eval_exec token:eval,High,Remove/replace eval/exec; use safe parsing or sandboxed templates; validate inputs.,3,Run semgrep to ensure no eval/exec; add unit tests for parsing.
aegis/pqcrypto/.venv/lib/python3.12/site-packages/jinja2/__pycache__/nodes.cpython-312.pyc,unsafe_pattern:python_eval_exec token:eval,High,Remove/replace eval/exec; use safe parsing or sandboxed templates; validate inputs.,3,Run semgrep to ensure no eval/exec; add unit tests for parsing.
aegis/pqcrypto/.venv/lib/python3.12/site-packages/jinja2/__pycache__/utils.cpython-312.pyc,unsafe_pattern:python_eval_exec token:eval,High,Remove/replace eval/exec; use safe parsing or sandboxed templates; validate inputs.,3,Run semgrep to ensure no eval/exec; add unit tests for parsing.
aegis/pqcrypto/.venv/lib/python3.12/site-packages/jinja2/debug.py,unsafe_pattern:python_eval_exec token:exec,High,Remove/replace eval/exec; use safe parsing or sandboxed templates; validate inputs.,3,Run semgrep to ensure no eval/exec; add unit tests for parsing.
aegis/pqcrypto/.venv/lib/python3.12/site-packages/jinja2/environment.py,unsafe_pattern:c_unchecked token:gets,High,Replace unsafe C functions with bounds-checked equivalents; add static analysis; add unit tests.,4,Run cppcheck/clang-tidy; fuzz tests on input handling.
aegis/pqcrypto/.venv/lib/python3.12/site-packages/jinja2/environment.py,unsafe_pattern:python_eval_exec token:exec,High,Remove/replace eval/exec; use safe parsing or sandboxed templates; validate inputs.,3,Run semgrep to ensure no eval/exec; add unit tests for parsing.
aegis/pqcrypto/.venv/lib/python3.12/site-packages/jinja2/nativetypes.py,unsafe_pattern:python_eval_exec token:eval,High,Remove/replace eval/exec; use safe parsing or sandboxed templates; validate inputs.,3,Run semgrep to ensure no eval/exec; add unit tests for parsing.
aegis/pqcrypto/.venv/lib/python3.12/site-packages/jinja2/nodes.py,unsafe_pattern:python_eval_exec token:eval,High,Remove/replace eval/exec; use safe parsing or sandboxed templates; validate inputs.,3,Run semgrep to ensure no eval/exec; add unit tests for parsing.
aegis/pqcrypto/.venv/lib/python3.12/site-packages/jinja2/runtime.py,unsafe_pattern:python_eval_exec token:eval,High,Remove/replace eval/exec; use safe parsing or sandboxed templates; validate inputs.,3,Run semgrep to ensure no eval/exec; add unit tests for parsing.
aegis/pqcrypto/.venv/lib/python3.12/site-packages/jinja2/utils.py,unsafe_pattern:python_eval_exec token:eval,High,Remove/replace eval/exec; use safe parsing or sandboxed templates; validate inputs.,3,Run semgrep to ensure no eval/exec; add unit tests for parsing.
aegis/pqcrypto/.venv/lib/python3.12/site-packages/pip/_internal/__pycache__/configuration.cpython-312.pyc,unsafe_pattern:c_unchecked token:gets,High,Replace unsafe C functions with bounds-checked equivalents; add static analysis; add unit tests.,4,Run cppcheck/clang-tidy; fuzz tests on input handling.
aegis/pqcrypto/.venv/lib/python3.12/site-packages/pip/_internal/__pycache__/exceptions.cpython-312.pyc,unsafe_pattern:c_unchecked token:gets,High,Replace unsafe C functions with bounds-checked equivalents; add static analysis; add unit tests.,4,Run cppcheck/clang-tidy; fuzz tests on input handling.
aegis/pqcrypto/.venv/lib/python3.12/site-packages/pip/_internal/commands/__pycache__/completion.cpython-312.pyc,unsafe_pattern:python_eval_exec token:eval,High,Remove/replace eval/exec; use safe parsing or sandboxed templates; validate inputs.,3,Run semgrep to ensure no eval/exec; add unit tests for parsing.
aegis/pqcrypto/.venv/lib/python3.12/site-packages/pip/_internal/commands/completion.py,unsafe_pattern:python_eval_exec token:eval,High,Remove/replace eval/exec; use safe parsing or sandboxed templates; validate inputs.,3,Run semgrep to ensure no eval/exec; add unit tests for parsing.
aegis/pqcrypto/.venv/lib/python3.12/site-packages/pip/_internal/configuration.py,unsafe_pattern:c_unchecked token:gets,High,Replace unsafe C functions with bounds-checked equivalents; add static analysis; add unit tests.,4,Run cppcheck/clang-tidy; fuzz tests on input handling.
aegis/pqcrypto/.venv/lib/python3.12/site-packages/pip/_internal/exceptions.py,unsafe_pattern:c_unchecked token:gets,High,Replace unsafe C functions with bounds-checked equivalents; add static analysis; add unit tests.,4,Run cppcheck/clang-tidy; fuzz tests on input handling.
aegis/pqcrypto/.venv/lib/python3.12/site-packages/pip/_internal/metadata/pkg_resources.py,unsafe_pattern:c_unchecked token:gets,High,Replace unsafe C functions with bounds-checked equivalents; add static analysis; add unit tests.,4,Run cppcheck/clang-tidy; fuzz tests on input handling.
aegis/pqcrypto/.venv/lib/python3.12/site-packages/pip/_internal/req/req_install.py,unsafe_pattern:c_unchecked token:gets,High,Replace unsafe C functions with bounds-checked equivalents; add static analysis; add unit tests.,4,Run cppcheck/clang-tidy; fuzz tests on input handling.
aegis/pqcrypto/.venv/lib/python3.12/site-packages/pip/_internal/utils/__pycache__/entrypoints.cpython-312.pyc,unsafe_pattern:c_unchecked token:gets,High,Replace unsafe C functions with bounds-checked equivalents; add static analysis; add unit tests.,4,Run cppcheck/clang-tidy; fuzz tests on input handling.
aegis/pqcrypto/.venv/lib/python3.12/site-packages/pip/_internal/utils/__pycache__/setuptools_build.cpython-312.pyc,unsafe_pattern:python_eval_exec token:exec,High,Remove/replace eval/exec; use safe parsing or sandboxed templates; validate inputs.,3,Run semgrep to ensure no eval/exec; add unit tests for parsing.
aegis/pqcrypto/.venv/lib/python3.12/site-packages/pip/_internal/utils/__pycache__/subprocess.cpython-312.pyc,unsafe_pattern:python_eval_exec token:subprocess.Popen,High,Remove/replace eval/exec; use safe parsing or sandboxed templates; validate inputs.,3,Run semgrep to ensure no eval/exec; add unit tests for parsing.
aegis/pqcrypto/.venv/lib/python3.12/site-packages/pip/_internal/utils/entrypoints.py,unsafe_pattern:c_unchecked token:gets,High,Replace unsafe C functions with bounds-checked equivalents; add static analysis; add unit tests.,4,Run cppcheck/clang-tidy; fuzz tests on input handling.
aegis/pqcrypto/.venv/lib/python3.12/site-packages/pip/_internal/utils/setuptools_build.py,unsafe_pattern:python_eval_exec token:exec,High,Remove/replace eval/exec; use safe parsing or sandboxed templates; validate inputs.,3,Run semgrep to ensure no eval/exec; add unit tests for parsing.
aegis/pqcrypto/.venv/lib/python3.12/site-packages/pip/_internal/utils/subprocess.py,unsafe_pattern:python_eval_exec token:subprocess.Popen,High,Remove/replace eval/exec; use safe parsing or sandboxed templates; validate inputs.,3,Run semgrep to ensure no eval/exec; add unit tests for parsing.
aegis/pqcrypto/.venv/lib/python3.12/site-packages/pip/_vendor/__pycache__/six.cpython-312.pyc,unsafe_pattern:python_eval_exec token:exec,High,Remove/replace eval/exec; use safe parsing or sandboxed templates; validate inputs.,3,Run semgrep to ensure no eval/exec; add unit tests for parsing.
aegis/pqcrypto/.venv/lib/python3.12/site-packages/pip/_vendor/__pycache__/typing_extensions.cpython-312.pyc,unsafe_pattern:python_eval_exec token:eval,High,Remove/replace eval/exec; use safe parsing or sandboxed templates; validate inputs.,3,Run semgrep to ensure no eval/exec; add unit tests for parsing.
aegis/pqcrypto/.venv/lib/python3.12/site-packages/pip/_vendor/__pycache__/typing_extensions.cpython-312.pyc,unsafe_pattern:python_eval_exec token:exec,High,Remove/replace eval/exec; use safe parsing or sandboxed templates; validate inputs.,3,Run semgrep to ensure no eval/exec; add unit tests for parsing.
aegis/pqcrypto/.venv/lib/python3.12/site-packages/pip/_vendor/certifi/core.py,unsafe_pattern:c_unchecked token:gets,High,Replace unsafe C functions with bounds-checked equivalents; add static analysis; add unit tests.,4,Run cppcheck/clang-tidy; fuzz tests on input handling.
aegis/pqcrypto/.venv/lib/python3.12/site-packages/pip/_vendor/chardet/cli/__pycache__/chardetect.cpython-312.pyc,unsafe_pattern:c_unchecked token:gets,High,Replace unsafe C functions with bounds-checked equivalents; add static analysis; add unit tests.,4,Run cppcheck/clang-tidy; fuzz tests on input handling.
aegis/pqcrypto/.venv/lib/python3.12/site-packages/pip/_vendor/chardet/cli/chardetect.py,unsafe_pattern:c_unchecked token:gets,High,Replace unsafe C functions with bounds-checked equivalents; add static analysis; add unit tests.,4,Run cppcheck/clang-tidy; fuzz tests on input handling.
aegis/pqcrypto/.venv/lib/python3.12/site-packages/pip/_vendor/distlib/__pycache__/index.cpython-312.pyc,unsafe_pattern:python_eval_exec token:subprocess.Popen,High,Remove/replace eval/exec; use safe parsing or sandboxed templates; validate inputs.,3,Run semgrep to ensure no eval/exec; add unit tests for parsing.
aegis/pqcrypto/.venv/lib/python3.12/site-packages/pip/_vendor/distlib/__pycache__/scripts.cpython-312.pyc,unsafe_pattern:python_eval_exec token:exec,High,Remove/replace eval/exec; use safe parsing or sandboxed templates; validate inputs.,3,Run semgrep to ensure no eval/exec; add unit tests for parsing.
aegis/pqcrypto/.venv/lib/python3.12/site-packages/pip/_vendor/distlib/compat.py,unsafe_pattern:c_unchecked token:gets,High,Replace unsafe C functions with bounds-checked equivalents; add static analysis; add unit tests.,4,Run cppcheck/clang-tidy; fuzz tests on input handling.
aegis/pqcrypto/.venv/lib/python3.12/site-packages/pip/_vendor/distlib/index.py,unsafe_pattern:python_eval_exec token:subprocess.Popen,High,Remove/replace eval/exec; use safe parsing or sandboxed templates; validate inputs.,3,Run semgrep to ensure no eval/exec; add unit tests for parsing.
aegis/pqcrypto/.venv/lib/python3.12/site-packages/pip/_vendor/distlib/resources.py,unsafe_pattern:c_unchecked token:gets,High,Replace unsafe C functions with bounds-checked equivalents; add static analysis; add unit tests.,4,Run cppcheck/clang-tidy; fuzz tests on input handling.
aegis/pqcrypto/.venv/lib/python3.12/site-packages/pip/_vendor/distlib/scripts.py,unsafe_pattern:c_unchecked token:gets,High,Replace unsafe C functions with bounds-checked equivalents; add static analysis; add unit tests.,4,Run cppcheck/clang-tidy; fuzz tests on input handling.
aegis/pqcrypto/.venv/lib/python3.12/site-packages/pip/_vendor/distlib/scripts.py,unsafe_pattern:python_eval_exec token:exec,High,Remove/replace eval/exec; use safe parsing or sandboxed templates; validate inputs.,3,Run semgrep to ensure no eval/exec; add unit tests for parsing.
aegis/pqcrypto/.venv/lib/python3.12/site-packages/pip/_vendor/distlib/util.py,unsafe_pattern:python_eval_exec token:subprocess.Popen,High,Remove/replace eval/exec; use safe parsing or sandboxed templates; validate inputs.,3,Run semgrep to ensure no eval/exec; add unit tests for parsing.
aegis/pqcrypto/.venv/lib/python3.12/site-packages/pip/_vendor/pkg_resources/__init__.py,unsafe_pattern:python_eval_exec token:exec,High,Remove/replace eval/exec; use safe parsing or sandboxed templates; validate inputs.,3,Run semgrep to ensure no eval/exec; add unit tests for parsing.
aegis/pqcrypto/.venv/lib/python3.12/site-packages/pip/_vendor/pygments/formatters/__init__.py,unsafe_pattern:python_eval_exec token:eval,High,Remove/replace eval/exec; use safe parsing or sandboxed templates; validate inputs.,3,Run semgrep to ensure no eval/exec; add unit tests for parsing.
aegis/pqcrypto/.venv/lib/python3.12/site-packages/pip/_vendor/pygments/formatters/__init__.py,unsafe_pattern:python_eval_exec token:exec,High,Remove/replace eval/exec; use safe parsing or sandboxed templates; validate inputs.,3,Run semgrep to ensure no eval/exec; add unit tests for parsing.
aegis/pqcrypto/.venv/lib/python3.12/site-packages/pip/_vendor/pygments/formatters/__pycache__/__init__.cpython-312.pyc,unsafe_pattern:python_eval_exec token:eval,High,Remove/replace eval/exec; use safe parsing or sandboxed templates; validate inputs.,3,Run semgrep to ensure no eval/exec; add unit tests for parsing.
aegis/pqcrypto/.venv/lib/python3.12/site-packages/pip/_vendor/pygments/formatters/__pycache__/__init__.cpython-312.pyc,unsafe_pattern:python_eval_exec token:exec,High,Remove/replace eval/exec; use safe parsing or sandboxed templates; validate inputs.,3,Run semgrep to ensure no eval/exec; add unit tests for parsing.
aegis/pqcrypto/.venv/lib/python3.12/site-packages/pip/_vendor/pygments/formatters/img.py,unsafe_pattern:python_eval_exec token:subprocess.Popen,High,Remove/replace eval/exec; use safe parsing or sandboxed templates; validate inputs.,3,Run semgrep to ensure no eval/exec; add unit tests for parsing.
aegis/pqcrypto/.venv/lib/python3.12/site-packages/pip/_vendor/pygments/formatters/other.py,unsafe_pattern:c_unchecked token:gets,High,Replace unsafe C functions with bounds-checked equivalents; add static analysis; add unit tests.,4,Run cppcheck/clang-tidy; fuzz tests on input handling.
aegis/pqcrypto/.venv/lib/python3.12/site-packages/pip/_vendor/pygments/lexers/__init__.py,unsafe_pattern:c_unchecked token:gets,High,Replace unsafe C functions with bounds-checked equivalents; add static analysis; add unit tests.,4,Run cppcheck/clang-tidy; fuzz tests on input handling.
aegis/pqcrypto/.venv/lib/python3.12/site-packages/pip/_vendor/pygments/lexers/__init__.py,unsafe_pattern:python_eval_exec token:eval,High,Remove/replace eval/exec; use safe parsing or sandboxed templates; validate inputs.,3,Run semgrep to ensure no eval/exec; add unit tests for parsing.
aegis/pqcrypto/.venv/lib/python3.12/site-packages/pip/_vendor/pygments/lexers/__init__.py,unsafe_pattern:python_eval_exec token:exec,High,Remove/replace eval/exec; use safe parsing or sandboxed templates; validate inputs.,3,Run semgrep to ensure no eval/exec; add unit tests for parsing.
aegis/pqcrypto/.venv/lib/python3.12/site-packages/pip/_vendor/pygments/lexers/__pycache__/__init__.cpython-312.pyc,unsafe_pattern:python_eval_exec token:eval,High,Remove/replace eval/exec; use safe parsing or sandboxed templates; validate inputs.,3,Run semgrep to ensure no eval/exec; add unit tests for parsing.
aegis/pqcrypto/.venv/lib/python3.12/site-packages/pip/_vendor/pygments/lexers/__pycache__/__init__.cpython-312.pyc,unsafe_pattern:python_eval_exec token:exec,High,Remove/replace eval/exec; use safe parsing or sandboxed templates; validate inputs.,3,Run semgrep to ensure no eval/exec; add unit tests for parsing.
aegis/pqcrypto/.venv/lib/python3.12/site-packages/pip/_vendor/pygments/lexers/__pycache__/python.cpython-312.pyc,unsafe_pattern:python_eval_exec token:eval,High,Remove/replace eval/exec; use safe parsing or sandboxed templates; validate inputs.,3,Run semgrep to ensure no eval/exec; add unit tests for parsing.
aegis/pqcrypto/.venv/lib/python3.12/site-packages/pip/_vendor/pygments/lexers/_mapping.py,unsafe_pattern:python_eval_exec token:exec,High,Remove/replace eval/exec; use safe parsing or sandboxed templates; validate inputs.,3,Run semgrep to ensure no eval/exec; add unit tests for parsing.
aegis/pqcrypto/.venv/lib/python3.12/site-packages/pip/_vendor/pygments/lexers/python.py,unsafe_pattern:python_eval_exec token:eval,High,Remove/replace eval/exec; use safe parsing or sandboxed templates; validate inputs.,3,Run semgrep to ensure no eval/exec; add unit tests for parsing.
aegis/pqcrypto/.venv/lib/python3.12/site-packages/pip/_vendor/pygments/lexers/python.py,unsafe_pattern:python_eval_exec token:exec,High,Remove/replace eval/exec; use safe parsing or sandboxed templates; validate inputs.,3,Run semgrep to ensure no eval/exec; add unit tests for parsing.
aegis/pqcrypto/.venv/lib/python3.12/site-packages/pip/_vendor/pyparsing/__pycache__/results.cpython-312.pyc,unsafe_pattern:python_eval_exec token:eval,High,Remove/replace eval/exec; use safe parsing or sandboxed templates; validate inputs.,3,Run semgrep to ensure no eval/exec; add unit tests for parsing.
aegis/pqcrypto/.venv/lib/python3.12/site-packages/pip/_vendor/pyparsing/core.py,unsafe_pattern:c_unchecked token:gets,High,Replace unsafe C functions with bounds-checked equivalents; add static analysis; add unit tests.,4,Run cppcheck/clang-tidy; fuzz tests on input handling.
aegis/pqcrypto/.venv/lib/python3.12/site-packages/pip/_vendor/pyparsing/helpers.py,unsafe_pattern:c_unchecked token:gets,High,Replace unsafe C functions with bounds-checked equivalents; add static analysis; add unit tests.,4,Run cppcheck/clang-tidy; fuzz tests on input handling.
aegis/pqcrypto/.venv/lib/python3.12/site-packages/pip/_vendor/pyparsing/results.py,unsafe_pattern:python_eval_exec token:eval,High,Remove/replace eval/exec; use safe parsing or sandboxed templates; validate inputs.,3,Run semgrep to ensure no eval/exec; add unit tests for parsing.
aegis/pqcrypto/.venv/lib/python3.12/site-packages/pip/_vendor/rich/__pycache__/console.cpython-312.pyc,unsafe_pattern:c_unchecked token:gets,High,Replace unsafe C functions with bounds-checked equivalents; add static analysis; add unit tests.,4,Run cppcheck/clang-tidy; fuzz tests on input handling.
aegis/pqcrypto/.venv/lib/python3.12/site-packages/pip/_vendor/rich/__pycache__/progress.cpython-312.pyc,unsafe_pattern:c_unchecked token:gets,High,Replace unsafe C functions with bounds-checked equivalents; add static analysis; add unit tests.,4,Run cppcheck/clang-tidy; fuzz tests on input handling.
aegis/pqcrypto/.venv/lib/python3.12/site-packages/pip/_vendor/rich/console.py,unsafe_pattern:c_unchecked token:gets,High,Replace unsafe C functions with bounds-checked equivalents; add static analysis; add unit tests.,4,Run cppcheck/clang-tidy; fuzz tests on input handling.
aegis/pqcrypto/.venv/lib/python3.12/site-packages/pip/_vendor/rich/progress.py,unsafe_pattern:c_unchecked token:gets,High,Replace unsafe C functions with bounds-checked equivalents; add static analysis; add unit tests.,4,Run cppcheck/clang-tidy; fuzz tests on input handling.
aegis/pqcrypto/.venv/lib/python3.12/site-packages/pip/_vendor/six.py,unsafe_pattern:python_eval_exec token:exec,High,Remove/replace eval/exec; use safe parsing or sandboxed templates; validate inputs.,3,Run semgrep to ensure no eval/exec; add unit tests for parsing.
aegis/pqcrypto/.venv/lib/python3.12/site-packages/pip/_vendor/typing_extensions.py,unsafe_pattern:c_unchecked token:gets,High,Replace unsafe C functions with bounds-checked equivalents; add static analysis; add unit tests.,4,Run cppcheck/clang-tidy; fuzz tests on input handling.
aegis/pqcrypto/.venv/lib/python3.12/site-packages/pip/_vendor/typing_extensions.py,unsafe_pattern:python_eval_exec token:eval,High,Remove/replace eval/exec; use safe parsing or sandboxed templates; validate inputs.,3,Run semgrep to ensure no eval/exec; add unit tests for parsing.
aegis/pqcrypto/.venv/lib/python3.12/site-packages/pip/_vendor/typing_extensions.py,unsafe_pattern:python_eval_exec token:exec,High,Remove/replace eval/exec; use safe parsing or sandboxed templates; validate inputs.,3,Run semgrep to ensure no eval/exec; add unit tests for parsing.
aegis/pqcrypto/.venv/lib/python3.12/site-packages/pip/_vendor/urllib3/__pycache__/exceptions.cpython-312.pyc,unsafe_pattern:c_unchecked token:gets,High,Replace unsafe C functions with bounds-checked equivalents; add static analysis; add unit tests.,4,Run cppcheck/clang-tidy; fuzz tests on input handling.
aegis/pqcrypto/.venv/lib/python3.12/site-packages/pip/_vendor/urllib3/exceptions.py,unsafe_pattern:c_unchecked token:gets,High,Replace unsafe C functions with bounds-checked equivalents; add static analysis; add unit tests.,4,Run cppcheck/clang-tidy; fuzz tests on input handling.
aegis/pqcrypto/.venv/lib/python3.12/site-packages/pip/_vendor/urllib3/packages/__pycache__/six.cpython-312.pyc,unsafe_pattern:python_eval_exec token:exec,High,Remove/replace eval/exec; use safe parsing or sandboxed templates; validate inputs.,3,Run semgrep to ensure no eval/exec; add unit tests for parsing.
aegis/pqcrypto/.venv/lib/python3.12/site-packages/pip/_vendor/urllib3/packages/six.py,unsafe_pattern:python_eval_exec token:exec,High,Remove/replace eval/exec; use safe parsing or sandboxed templates; validate inputs.,3,Run semgrep to ensure no eval/exec; add unit tests for parsing.
aegis/pqcrypto/.venv/lib/python3.12/site-packages/pip/_vendor/urllib3/util/response.py,unsafe_pattern:c_unchecked token:gets,High,Replace unsafe C functions with bounds-checked equivalents; add static analysis; add unit tests.,4,Run cppcheck/clang-tidy; fuzz tests on input handling.
aegis/pqcrypto/.venv/lib/python3.12/site-packages/pip/_vendor/webencodings/__init__.py,unsafe_pattern:c_unchecked token:gets,High,Replace unsafe C functions with bounds-checked equivalents; add static analysis; add unit tests.,4,Run cppcheck/clang-tidy; fuzz tests on input handling.
aegis/pqcrypto/Pipfile.lock,secret_pattern:hex_key_64,High,"Remove secret, rotate credentials, purge git history, add secret scanning to CI",1,Confirm secret removed and rotated; run git-secrets scan; validate no occurrences in repo history
aegis/pqcrypto/generate-implementations.py,unsafe_pattern:python_eval_exec token:os.system,High,Remove/replace eval/exec; use safe parsing or sandboxed templates; validate inputs.,3,Run semgrep to ensure no eval/exec; add unit tests for parsing.,Closed,Replaced os.system with subprocess.run without shell
aegis/pqcrypto/pqclean/crypto_kem/hqc-128/META.yml,secret_pattern:hex_key_64,High,"Remove secret, rotate credentials, purge git history, add secret scanning to CI",1,Confirm secret removed and rotated; run git-secrets scan; validate no occurrences in repo history
aegis/pqcrypto/pqclean/crypto_kem/hqc-192/META.yml,secret_pattern:hex_key_64,High,"Remove secret, rotate credentials, purge git history, add secret scanning to CI",1,Confirm secret removed and rotated; run git-secrets scan; validate no occurrences in repo history
aegis/pqcrypto/pqclean/crypto_kem/hqc-256/META.yml,secret_pattern:hex_key_64,High,"Remove secret, rotate credentials, purge git history, add secret scanning to CI",1,Confirm secret removed and rotated; run git-secrets scan; validate no occurrences in repo history
aegis/pqcrypto/pqclean/crypto_kem/mceliece348864/META.yml,secret_pattern:hex_key_64,High,"Remove secret, rotate credentials, purge git history, add secret scanning to CI",1,Confirm secret removed and rotated; run git-secrets scan; validate no occurrences in repo history
aegis/pqcrypto/pqclean/crypto_kem/mceliece348864/avx2/decrypt.c,unsafe_pattern:python_eval_exec token:eval,High,Remove/replace eval/exec; use safe parsing or sandboxed templates; validate inputs.,3,Run semgrep to ensure no eval/exec; add unit tests for parsing.
aegis/pqcrypto/pqclean/crypto_kem/mceliece348864/avx2/pk_gen.c,unsafe_pattern:python_eval_exec token:eval,High,Remove/replace eval/exec; use safe parsing or sandboxed templates; validate inputs.,3,Run semgrep to ensure no eval/exec; add unit tests for parsing.
aegis/pqcrypto/pqclean/crypto_kem/mceliece348864/clean/root.c,unsafe_pattern:python_eval_exec token:eval,High,Remove/replace eval/exec; use safe parsing or sandboxed templates; validate inputs.,3,Run semgrep to ensure no eval/exec; add unit tests for parsing.
aegis/pqcrypto/pqclean/crypto_kem/mceliece348864/clean/root.h,unsafe_pattern:python_eval_exec token:eval,High,Remove/replace eval/exec; use safe parsing or sandboxed templates; validate inputs.,3,Run semgrep to ensure no eval/exec; add unit tests for parsing.
aegis/pqcrypto/pqclean/crypto_kem/mceliece348864/clean/synd.c,unsafe_pattern:python_eval_exec token:eval,High,Remove/replace eval/exec; use safe parsing or sandboxed templates; validate inputs.,3,Run semgrep to ensure no eval/exec; add unit tests for parsing.
aegis/pqcrypto/pqclean/crypto_kem/mceliece348864f/META.yml,secret_pattern:hex_key_64,High,"Remove secret, rotate credentials, purge git history, add secret scanning to CI",1,Confirm secret removed and rotated; run git-secrets scan; validate no occurrences in repo history
aegis/pqcrypto/pqclean/crypto_kem/mceliece348864f/avx2/decrypt.c,unsafe_pattern:python_eval_exec token:eval,High,Remove/replace eval/exec; use safe parsing or sandboxed templates; validate inputs.,3,Run semgrep to ensure no eval/exec; add unit tests for parsing.
aegis/pqcrypto/pqclean/crypto_kem/mceliece348864f/avx2/pk_gen.c,unsafe_pattern:python_eval_exec token:eval,High,Remove/replace eval/exec; use safe parsing or sandboxed templates; validate inputs.,3,Run semgrep to ensure no eval/exec; add unit tests for parsing.
aegis/pqcrypto/pqclean/crypto_kem/mceliece348864f/clean/root.c,unsafe_pattern:python_eval_exec token:eval,High,Remove/replace eval/exec; use safe parsing or sandboxed templates; validate inputs.,3,Run semgrep to ensure no eval/exec; add unit tests for parsing.
aegis/pqcrypto/pqclean/crypto_kem/mceliece348864f/clean/root.h,unsafe_pattern:python_eval_exec token:eval,High,Remove/replace eval/exec; use safe parsing or sandboxed templates; validate inputs.,3,Run semgrep to ensure no eval/exec; add unit tests for parsing.
aegis/pqcrypto/pqclean/crypto_kem/mceliece348864f/clean/synd.c,unsafe_pattern:python_eval_exec token:eval,High,Remove/replace eval/exec; use safe parsing or sandboxed templates; validate inputs.,3,Run semgrep to ensure no eval/exec; add unit tests for parsing.
aegis/pqcrypto/pqclean/crypto_kem/mceliece460896/META.yml,secret_pattern:hex_key_64,High,"Remove secret, rotate credentials, purge git history, add secret scanning to CI",1,Confirm secret removed and rotated; run git-secrets scan; validate no occurrences in repo history
aegis/pqcrypto/pqclean/crypto_kem/mceliece460896/avx2/decrypt.c,unsafe_pattern:python_eval_exec token:eval,High,Remove/replace eval/exec; use safe parsing or sandboxed templates; validate inputs.,3,Run semgrep to ensure no eval/exec; add unit tests for parsing.
aegis/pqcrypto/pqclean/crypto_kem/mceliece460896/avx2/pk_gen.c,unsafe_pattern:python_eval_exec token:eval,High,Remove/replace eval/exec; use safe parsing or sandboxed templates; validate inputs.,3,Run semgrep to ensure no eval/exec; add unit tests for parsing.
aegis/pqcrypto/pqclean/crypto_kem/mceliece460896/clean/root.c,unsafe_pattern:python_eval_exec token:eval,High,Remove/replace eval/exec; use safe parsing or sandboxed templates; validate inputs.,3,Run semgrep to ensure no eval/exec; add unit tests for parsing.
aegis/pqcrypto/pqclean/crypto_kem/mceliece460896/clean/root.h,unsafe_pattern:python_eval_exec token:eval,High,Remove/replace eval/exec; use safe parsing or sandboxed templates; validate inputs.,3,Run semgrep to ensure no eval/exec; add unit tests for parsing.
aegis/pqcrypto/pqclean/crypto_kem/mceliece460896/clean/synd.c,unsafe_pattern:python_eval_exec token:eval,High,Remove/replace eval/exec; use safe parsing or sandboxed templates; validate inputs.,3,Run semgrep to ensure no eval/exec; add unit tests for parsing.
aegis/pqcrypto/pqclean/crypto_kem/mceliece460896f/META.yml,secret_pattern:hex_key_64,High,"Remove secret, rotate credentials, purge git history, add secret scanning to CI",1,Confirm secret removed and rotated; run git-secrets scan; validate no occurrences in repo history
aegis/pqcrypto/pqclean/crypto_kem/mceliece460896f/avx2/decrypt.c,unsafe_pattern:python_eval_exec token:eval,High,Remove/replace eval/exec; use safe parsing or sandboxed templates; validate inputs.,3,Run semgrep to ensure no eval/exec; add unit tests for parsing.
aegis/pqcrypto/pqclean/crypto_kem/mceliece460896f/avx2/pk_gen.c,unsafe_pattern:python_eval_exec token:eval,High,Remove/replace eval/exec; use safe parsing or sandboxed templates; validate inputs.,3,Run semgrep to ensure no eval/exec; add unit tests for parsing.
aegis/pqcrypto/pqclean/crypto_kem/mceliece460896f/clean/root.c,unsafe_pattern:python_eval_exec token:eval,High,Remove/replace eval/exec; use safe parsing or sandboxed templates; validate inputs.,3,Run semgrep to ensure no eval/exec; add unit tests for parsing.
aegis/pqcrypto/pqclean/crypto_kem/mceliece460896f/clean/root.h,unsafe_pattern:python_eval_exec token:eval,High,Remove/replace eval/exec; use safe parsing or sandboxed templates; validate inputs.,3,Run semgrep to ensure no eval/exec; add unit tests for parsing.
aegis/pqcrypto/pqclean/crypto_kem/mceliece460896f/clean/synd.c,unsafe_pattern:python_eval_exec token:eval,High,Remove/replace eval/exec; use safe parsing or sandboxed templates; validate inputs.,3,Run semgrep to ensure no eval/exec; add unit tests for parsing.
aegis/pqcrypto/pqclean/crypto_kem/mceliece6688128/META.yml,secret_pattern:hex_key_64,High,"Remove secret, rotate credentials, purge git history, add secret scanning to CI",1,Confirm secret removed and rotated; run git-secrets scan; validate no occurrences in repo history
aegis/pqcrypto/pqclean/crypto_kem/mceliece6688128/avx2/decrypt.c,unsafe_pattern:python_eval_exec token:eval,High,Remove/replace eval/exec; use safe parsing or sandboxed templates; validate inputs.,3,Run semgrep to ensure no eval/exec; add unit tests for parsing.
aegis/pqcrypto/pqclean/crypto_kem/mceliece6688128/avx2/pk_gen.c,unsafe_pattern:python_eval_exec token:eval,High,Remove/replace eval/exec; use safe parsing or sandboxed templates; validate inputs.,3,Run semgrep to ensure no eval/exec; add unit tests for parsing.
aegis/pqcrypto/pqclean/crypto_kem/mceliece6688128/clean/root.c,unsafe_pattern:python_eval_exec token:eval,High,Remove/replace eval/exec; use safe parsing or sandboxed templates; validate inputs.,3,Run semgrep to ensure no eval/exec; add unit tests for parsing.
aegis/pqcrypto/pqclean/crypto_kem/mceliece6688128/clean/root.h,unsafe_pattern:python_eval_exec token:eval,High,Remove/replace eval/exec; use safe parsing or sandboxed templates; validate inputs.,3,Run semgrep to ensure no eval/exec; add unit tests for parsing.
aegis/pqcrypto/pqclean/crypto_kem/mceliece6688128/clean/synd.c,unsafe_pattern:python_eval_exec token:eval,High,Remove/replace eval/exec; use safe parsing or sandboxed templates; validate inputs.,3,Run semgrep to ensure no eval/exec; add unit tests for parsing.
aegis/pqcrypto/pqclean/crypto_kem/mceliece6688128f/META.yml,secret_pattern:hex_key_64,High,"Remove secret, rotate credentials, purge git history, add secret scanning to CI",1,Confirm secret removed and rotated; run git-secrets scan; validate no occurrences in repo history
aegis/pqcrypto/pqclean/crypto_kem/mceliece6688128f/avx2/decrypt.c,unsafe_pattern:python_eval_exec token:eval,High,Remove/replace eval/exec; use safe parsing or sandboxed templates; validate inputs.,3,Run semgrep to ensure no eval/exec; add unit tests for parsing.
aegis/pqcrypto/pqclean/crypto_kem/mceliece6688128f/avx2/pk_gen.c,unsafe_pattern:python_eval_exec token:eval,High,Remove/replace eval/exec; use safe parsing or sandboxed templates; validate inputs.,3,Run semgrep to ensure no eval/exec; add unit tests for parsing.
aegis/pqcrypto/pqclean/crypto_kem/mceliece6688128f/clean/root.c,unsafe_pattern:python_eval_exec token:eval,High,Remove/replace eval/exec; use safe parsing or sandboxed templates; validate inputs.,3,Run semgrep to ensure no eval/exec; add unit tests for parsing.
aegis/pqcrypto/pqclean/crypto_kem/mceliece6688128f/clean/root.h,unsafe_pattern:python_eval_exec token:eval,High,Remove/replace eval/exec; use safe parsing or sandboxed templates; validate inputs.,3,Run semgrep to ensure no eval/exec; add unit tests for parsing.
aegis/pqcrypto/pqclean/crypto_kem/mceliece6688128f/clean/synd.c,unsafe_pattern:python_eval_exec token:eval,High,Remove/replace eval/exec; use safe parsing or sandboxed templates; validate inputs.,3,Run semgrep to ensure no eval/exec; add unit tests for parsing.
aegis/pqcrypto/pqclean/crypto_kem/mceliece6960119/META.yml,secret_pattern:hex_key_64,High,"Remove secret, rotate credentials, purge git history, add secret scanning to CI",1,Confirm secret removed and rotated; run git-secrets scan; validate no occurrences in repo history
aegis/pqcrypto/pqclean/crypto_kem/mceliece6960119/avx2/decrypt.c,unsafe_pattern:python_eval_exec token:eval,High,Remove/replace eval/exec; use safe parsing or sandboxed templates; validate inputs.,3,Run semgrep to ensure no eval/exec; add unit tests for parsing.
aegis/pqcrypto/pqclean/crypto_kem/mceliece6960119/avx2/pk_gen.c,unsafe_pattern:python_eval_exec token:eval,High,Remove/replace eval/exec; use safe parsing or sandboxed templates; validate inputs.,3,Run semgrep to ensure no eval/exec; add unit tests for parsing.
aegis/pqcrypto/pqclean/crypto_kem/mceliece6960119/clean/namespacing,unsafe_pattern:python_eval_exec token:eval,High,Remove/replace eval/exec; use safe parsing or sandboxed templates; validate inputs.,3,Run semgrep to ensure no eval/exec; add unit tests for parsing.
aegis/pqcrypto/pqclean/crypto_kem/mceliece6960119/clean/root.c,unsafe_pattern:python_eval_exec token:eval,High,Remove/replace eval/exec; use safe parsing or sandboxed templates; validate inputs.,3,Run semgrep to ensure no eval/exec; add unit tests for parsing.
aegis/pqcrypto/pqclean/crypto_kem/mceliece6960119/clean/root.h,unsafe_pattern:python_eval_exec token:eval,High,Remove/replace eval/exec; use safe parsing or sandboxed templates; validate inputs.,3,Run semgrep to ensure no eval/exec; add unit tests for parsing.
aegis/pqcrypto/pqclean/crypto_kem/mceliece6960119/clean/synd.c,unsafe_pattern:python_eval_exec token:eval,High,Remove/replace eval/exec; use safe parsing or sandboxed templates; validate inputs.,3,Run semgrep to ensure no eval/exec; add unit tests for parsing.
aegis/pqcrypto/pqclean/crypto_kem/mceliece6960119f/META.yml,secret_pattern:hex_key_64,High,"Remove secret, rotate credentials, purge git history, add secret scanning to CI",1,Confirm secret removed and rotated; run git-secrets scan; validate no occurrences in repo history
aegis/pqcrypto/pqclean/crypto_kem/mceliece6960119f/avx2/decrypt.c,unsafe_pattern:python_eval_exec token:eval,High,Remove/replace eval/exec; use safe parsing or sandboxed templates; validate inputs.,3,Run semgrep to ensure no eval/exec; add unit tests for parsing.
aegis/pqcrypto/pqclean/crypto_kem/mceliece6960119f/avx2/pk_gen.c,unsafe_pattern:python_eval_exec token:eval,High,Remove/replace eval/exec; use safe parsing or sandboxed templates; validate inputs.,3,Run semgrep to ensure no eval/exec; add unit tests for parsing.
aegis/pqcrypto/pqclean/crypto_kem/mceliece6960119f/clean/namespacing,unsafe_pattern:python_eval_exec token:eval,High,Remove/replace eval/exec; use safe parsing or sandboxed templates; validate inputs.,3,Run semgrep to ensure no eval/exec; add unit tests for parsing.
aegis/pqcrypto/pqclean/crypto_kem/mceliece6960119f/clean/root.c,unsafe_pattern:python_eval_exec token:eval,High,Remove/replace eval/exec; use safe parsing or sandboxed templates; validate inputs.,3,Run semgrep to ensure no eval/exec; add unit tests for parsing.
aegis/pqcrypto/pqclean/crypto_kem/mceliece6960119f/clean/root.h,unsafe_pattern:python_eval_exec token:eval,High,Remove/replace eval/exec; use safe parsing or sandboxed templates; validate inputs.,3,Run semgrep to ensure no eval/exec; add unit tests for parsing.
aegis/pqcrypto/pqclean/crypto_kem/mceliece6960119f/clean/synd.c,unsafe_pattern:python_eval_exec token:eval,High,Remove/replace eval/exec; use safe parsing or sandboxed templates; validate inputs.,3,Run semgrep to ensure no eval/exec; add unit tests for parsing.
aegis/pqcrypto/pqclean/crypto_kem/mceliece8192128/META.yml,secret_pattern:hex_key_64,High,"Remove secret, rotate credentials, purge git history, add secret scanning to CI",1,Confirm secret removed and rotated; run git-secrets scan; validate no occurrences in repo history
aegis/pqcrypto/pqclean/crypto_kem/mceliece8192128/avx2/decrypt.c,unsafe_pattern:python_eval_exec token:eval,High,Remove/replace eval/exec; use safe parsing or sandboxed templates; validate inputs.,3,Run semgrep to ensure no eval/exec; add unit tests for parsing.
aegis/pqcrypto/pqclean/crypto_kem/mceliece8192128/avx2/pk_gen.c,unsafe_pattern:python_eval_exec token:eval,High,Remove/replace eval/exec; use safe parsing or sandboxed templates; validate inputs.,3,Run semgrep to ensure no eval/exec; add unit tests for parsing.
aegis/pqcrypto/pqclean/crypto_kem/mceliece8192128/clean/namespacing,unsafe_pattern:python_eval_exec token:eval,High,Remove/replace eval/exec; use safe parsing or sandboxed templates; validate inputs.,3,Run semgrep to ensure no eval/exec; add unit tests for parsing.
aegis/pqcrypto/pqclean/crypto_kem/mceliece8192128/clean/root.c,unsafe_pattern:python_eval_exec token:eval,High,Remove/replace eval/exec; use safe parsing or sandboxed templates; validate inputs.,3,Run semgrep to ensure no eval/exec; add unit tests for parsing.
aegis/pqcrypto/pqclean/crypto_kem/mceliece8192128/clean/root.h,unsafe_pattern:python_eval_exec token:eval,High,Remove/replace eval/exec; use safe parsing or sandboxed templates; validate inputs.,3,Run semgrep to ensure no eval/exec; add unit tests for parsing.
aegis/pqcrypto/pqclean/crypto_kem/mceliece8192128/clean/synd.c,unsafe_pattern:python_eval_exec token:eval,High,Remove/replace eval/exec; use safe parsing or sandboxed templates; validate inputs.,3,Run semgrep to ensure no eval/exec; add unit tests for parsing.
aegis/pqcrypto/pqclean/crypto_kem/mceliece8192128f/META.yml,secret_pattern:hex_key_64,High,"Remove secret, rotate credentials, purge git history, add secret scanning to CI",1,Confirm secret removed and rotated; run git-secrets scan; validate no occurrences in repo history
aegis/pqcrypto/pqclean/crypto_kem/mceliece8192128f/avx2/decrypt.c,unsafe_pattern:python_eval_exec token:eval,High,Remove/replace eval/exec; use safe parsing or sandboxed templates; validate inputs.,3,Run semgrep to ensure no eval/exec; add unit tests for parsing.
aegis/pqcrypto/pqclean/crypto_kem/mceliece8192128f/avx2/pk_gen.c,unsafe_pattern:python_eval_exec token:eval,High,Remove/replace eval/exec; use safe parsing or sandboxed templates; validate inputs.,3,Run semgrep to ensure no eval/exec; add unit tests for parsing.
aegis/pqcrypto/pqclean/crypto_kem/mceliece8192128f/clean/namespacing,unsafe_pattern:python_eval_exec token:eval,High,Remove/replace eval/exec; use safe parsing or sandboxed templates; validate inputs.,3,Run semgrep to ensure no eval/exec; add unit tests for parsing.
aegis/pqcrypto/pqclean/crypto_kem/mceliece8192128f/clean/root.c,unsafe_pattern:python_eval_exec token:eval,High,Remove/replace eval/exec; use safe parsing or sandboxed templates; validate inputs.,3,Run semgrep to ensure no eval/exec; add unit tests for parsing.
aegis/pqcrypto/pqclean/crypto_kem/mceliece8192128f/clean/root.h,unsafe_pattern:python_eval_exec token:eval,High,Remove/replace eval/exec; use safe parsing or sandboxed templates; validate inputs.,3,Run semgrep to ensure no eval/exec; add unit tests for parsing.
aegis/pqcrypto/pqclean/crypto_kem/mceliece8192128f/clean/synd.c,unsafe_pattern:python_eval_exec token:eval,High,Remove/replace eval/exec; use safe parsing or sandboxed templates; validate inputs.,3,Run semgrep to ensure no eval/exec; add unit tests for parsing.
aegis/pqcrypto/pqclean/crypto_kem/ml-kem-1024/META.yml,secret_pattern:hex_key_64,High,"Remove secret, rotate credentials, purge git history, add secret scanning to CI",1,Confirm secret removed and rotated; run git-secrets scan; validate no occurrences in repo history
aegis/pqcrypto/pqclean/crypto_kem/ml-kem-512/META.yml,secret_pattern:hex_key_64,High,"Remove secret, rotate credentials, purge git history, add secret scanning to CI",1,Confirm secret removed and rotated; run git-secrets scan; validate no occurrences in repo history
aegis/pqcrypto/pqclean/crypto_kem/ml-kem-768/META.yml,secret_pattern:hex_key_64,High,"Remove secret, rotate credentials, purge git history, add secret scanning to CI",1,Confirm secret removed and rotated; run git-secrets scan; validate no occurrences in repo history
aegis/pqcrypto/pqclean/crypto_sign/falcon-1024/META.yml,secret_pattern:hex_key_64,High,"Remove secret, rotate credentials, purge git history, add secret scanning to CI",1,Confirm secret removed and rotated; run git-secrets scan; validate no occurrences in repo history
aegis/pqcrypto/pqclean/crypto_sign/falcon-512/META.yml,secret_pattern:hex_key_64,High,"Remove secret, rotate credentials, purge git history, add secret scanning to CI",1,Confirm secret removed and rotated; run git-secrets scan; validate no occurrences in repo history
aegis/pqcrypto/pqclean/crypto_sign/falcon-padded-1024/META.yml,secret_pattern:hex_key_64,High,"Remove secret, rotate credentials, purge git history, add secret scanning to CI",1,Confirm secret removed and rotated; run git-secrets scan; validate no occurrences in repo history
aegis/pqcrypto/pqclean/crypto_sign/falcon-padded-512/META.yml,secret_pattern:hex_key_64,High,"Remove secret, rotate credentials, purge git history, add secret scanning to CI",1,Confirm secret removed and rotated; run git-secrets scan; validate no occurrences in repo history
aegis/pqcrypto/pqclean/crypto_sign/ml-dsa-44/META.yml,secret_pattern:hex_key_64,High,"Remove secret, rotate credentials, purge git history, add secret scanning to CI",1,Confirm secret removed and rotated; run git-secrets scan; validate no occurrences in repo history
aegis/pqcrypto/pqclean/crypto_sign/ml-dsa-44/aarch64/sign.c,secret_pattern:jwt_secret_like,High,"Remove secret, rotate credentials, purge git history, add secret scanning to CI",1,Confirm secret removed and rotated; run git-secrets scan; validate no occurrences in repo history
aegis/pqcrypto/pqclean/crypto_sign/ml-dsa-44/avx2/sign.c,secret_pattern:jwt_secret_like,High,"Remove secret, rotate credentials, purge git history, add secret scanning to CI",1,Confirm secret removed and rotated; run git-secrets scan; validate no occurrences in repo history
aegis/pqcrypto/pqclean/crypto_sign/ml-dsa-44/clean/sign.c,secret_pattern:jwt_secret_like,High,"Remove secret, rotate credentials, purge git history, add secret scanning to CI",1,Confirm secret removed and rotated; run git-secrets scan; validate no occurrences in repo history
aegis/pqcrypto/pqclean/crypto_sign/ml-dsa-65/META.yml,secret_pattern:hex_key_64,High,"Remove secret, rotate credentials, purge git history, add secret scanning to CI",1,Confirm secret removed and rotated; run git-secrets scan; validate no occurrences in repo history
aegis/pqcrypto/pqclean/crypto_sign/ml-dsa-65/aarch64/sign.c,secret_pattern:jwt_secret_like,High,"Remove secret, rotate credentials, purge git history, add secret scanning to CI",1,Confirm secret removed and rotated; run git-secrets scan; validate no occurrences in repo history
aegis/pqcrypto/pqclean/crypto_sign/ml-dsa-65/avx2/sign.c,secret_pattern:jwt_secret_like,High,"Remove secret, rotate credentials, purge git history, add secret scanning to CI",1,Confirm secret removed and rotated; run git-secrets scan; validate no occurrences in repo history
aegis/pqcrypto/pqclean/crypto_sign/ml-dsa-65/clean/sign.c,secret_pattern:jwt_secret_like,High,"Remove secret, rotate credentials, purge git history, add secret scanning to CI",1,Confirm secret removed and rotated; run git-secrets scan; validate no occurrences in repo history
aegis/pqcrypto/pqclean/crypto_sign/ml-dsa-87/META.yml,secret_pattern:hex_key_64,High,"Remove secret, rotate credentials, purge git history, add secret scanning to CI",1,Confirm secret removed and rotated; run git-secrets scan; validate no occurrences in repo history
aegis/pqcrypto/pqclean/crypto_sign/ml-dsa-87/aarch64/sign.c,secret_pattern:jwt_secret_like,High,"Remove secret, rotate credentials, purge git history, add secret scanning to CI",1,Confirm secret removed and rotated; run git-secrets scan; validate no occurrences in repo history
aegis/pqcrypto/pqclean/crypto_sign/ml-dsa-87/avx2/sign.c,secret_pattern:jwt_secret_like,High,"Remove secret, rotate credentials, purge git history, add secret scanning to CI",1,Confirm secret removed and rotated; run git-secrets scan; validate no occurrences in repo history
aegis/pqcrypto/pqclean/crypto_sign/ml-dsa-87/clean/sign.c,secret_pattern:jwt_secret_like,High,"Remove secret, rotate credentials, purge git history, add secret scanning to CI",1,Confirm secret removed and rotated; run git-secrets scan; validate no occurrences in repo history
aegis/pqcrypto/pqclean/crypto_sign/sphincs-sha2-128f-simple/META.yml,secret_pattern:hex_key_64,High,"Remove secret, rotate credentials, purge git history, add secret scanning to CI",1,Confirm secret removed and rotated; run git-secrets scan; validate no occurrences in repo history
aegis/pqcrypto/pqclean/crypto_sign/sphincs-sha2-128s-simple/META.yml,secret_pattern:hex_key_64,High,"Remove secret, rotate credentials, purge git history, add secret scanning to CI",1,Confirm secret removed and rotated; run git-secrets scan; validate no occurrences in repo history
aegis/pqcrypto/pqclean/crypto_sign/sphincs-sha2-192f-simple/META.yml,secret_pattern:hex_key_64,High,"Remove secret, rotate credentials, purge git history, add secret scanning to CI",1,Confirm secret removed and rotated; run git-secrets scan; validate no occurrences in repo history
aegis/pqcrypto/pqclean/crypto_sign/sphincs-sha2-192s-simple/META.yml,secret_pattern:hex_key_64,High,"Remove secret, rotate credentials, purge git history, add secret scanning to CI",1,Confirm secret removed and rotated; run git-secrets scan; validate no occurrences in repo history
aegis/pqcrypto/pqclean/crypto_sign/sphincs-sha2-256f-simple/META.yml,secret_pattern:hex_key_64,High,"Remove secret, rotate credentials, purge git history, add secret scanning to CI",1,Confirm secret removed and rotated; run git-secrets scan; validate no occurrences in repo history
aegis/pqcrypto/pqclean/crypto_sign/sphincs-sha2-256s-simple/META.yml,secret_pattern:hex_key_64,High,"Remove secret, rotate credentials, purge git history, add secret scanning to CI",1,Confirm secret removed and rotated; run git-secrets scan; validate no occurrences in repo history
aegis/pqcrypto/pqclean/crypto_sign/sphincs-shake-128f-simple/META.yml,secret_pattern:hex_key_64,High,"Remove secret, rotate credentials, purge git history, add secret scanning to CI",1,Confirm secret removed and rotated; run git-secrets scan; validate no occurrences in repo history
aegis/pqcrypto/pqclean/crypto_sign/sphincs-shake-128s-simple/META.yml,secret_pattern:hex_key_64,High,"Remove secret, rotate credentials, purge git history, add secret scanning to CI",1,Confirm secret removed and rotated; run git-secrets scan; validate no occurrences in repo history
aegis/pqcrypto/pqclean/crypto_sign/sphincs-shake-192f-simple/META.yml,secret_pattern:hex_key_64,High,"Remove secret, rotate credentials, purge git history, add secret scanning to CI",1,Confirm secret removed and rotated; run git-secrets scan; validate no occurrences in repo history
aegis/pqcrypto/pqclean/crypto_sign/sphincs-shake-192s-simple/META.yml,secret_pattern:hex_key_64,High,"Remove secret, rotate credentials, purge git history, add secret scanning to CI",1,Confirm secret removed and rotated; run git-secrets scan; validate no occurrences in repo history
aegis/pqcrypto/pqclean/crypto_sign/sphincs-shake-256f-simple/META.yml,secret_pattern:hex_key_64,High,"Remove secret, rotate credentials, purge git history, add secret scanning to CI",1,Confirm secret removed and rotated; run git-secrets scan; validate no occurrences in repo history
aegis/pqcrypto/pqclean/crypto_sign/sphincs-shake-256s-simple/META.yml,secret_pattern:hex_key_64,High,"Remove secret, rotate credentials, purge git history, add secret scanning to CI",1,Confirm secret removed and rotated; run git-secrets scan; validate no occurrences in repo history
aegis/.git/hooks/fsmonitor-watchman.sample,unsafe_pattern:js_eval token:eval,Medium,Remove eval/Function usage; use JSON.parse or safe methods; avoid exec with shell.,3,Run semgrep/js linter to ensure no eval; run npm audit.
aegis/.git/hooks/pre-receive.sample,unsafe_pattern:js_eval token:eval,Medium,Remove eval/Function usage; use JSON.parse or safe methods; avoid exec with shell.,3,Run semgrep/js linter to ensure no eval; run npm audit.
aegis/aegis_crypto_core/pkg/aegis_crypto_core.js,unsafe_pattern:js_eval token:Function(,Medium,Remove eval/Function usage; use JSON.parse or safe methods; avoid exec with shell.,3,Run semgrep/js linter to ensure no eval; run npm audit.,Accepted,Generated by wasm-bindgen; allowlisted path in Semgrep config
aegis/aegis_crypto_core/tools/wasi-sdk-20.0/share/clang/clang-format.py,unsafe_pattern:js_eval token:eval,Medium,Remove eval/Function usage; use JSON.parse or safe methods; avoid exec with shell.,3,Run semgrep/js linter to ensure no eval; run npm audit.
aegis/aegis_crypto_core/tools/wasi-sdk-20.0/share/misc/config.guess,unsafe_pattern:js_eval token:eval,Medium,Remove eval/Function usage; use JSON.parse or safe methods; avoid exec with shell.,3,Run semgrep/js linter to ensure no eval; run npm audit.
aegis/aegis_crypto_core/tools/wasi-sdk-20.0/share/misc/config.sub,unsafe_pattern:js_eval token:eval,Medium,Remove eval/Function usage; use JSON.parse or safe methods; avoid exec with shell.,3,Run semgrep/js linter to ensure no eval; run npm audit.
aegis/pqcrypto/.venv/lib/python3.12/site-packages/jinja2/__pycache__/nativetypes.cpython-312.pyc,unsafe_pattern:js_eval token:eval,Medium,Remove eval/Function usage; use JSON.parse or safe methods; avoid exec with shell.,3,Run semgrep/js linter to ensure no eval; run npm audit.
aegis/pqcrypto/.venv/lib/python3.12/site-packages/jinja2/__pycache__/nodes.cpython-312.pyc,unsafe_pattern:js_eval token:eval,Medium,Remove eval/Function usage; use JSON.parse or safe methods; avoid exec with shell.,3,Run semgrep/js linter to ensure no eval; run npm audit.
aegis/pqcrypto/.venv/lib/python3.12/site-packages/jinja2/__pycache__/utils.cpython-312.pyc,unsafe_pattern:js_eval token:eval,Medium,Remove eval/Function usage; use JSON.parse or safe methods; avoid exec with shell.,3,Run semgrep/js linter to ensure no eval; run npm audit.
aegis/pqcrypto/.venv/lib/python3.12/site-packages/jinja2/nativetypes.py,unsafe_pattern:js_eval token:eval,Medium,Remove eval/Function usage; use JSON.parse or safe methods; avoid exec with shell.,3,Run semgrep/js linter to ensure no eval; run npm audit.
aegis/pqcrypto/.venv/lib/python3.12/site-packages/jinja2/nodes.py,unsafe_pattern:js_eval token:eval,Medium,Remove eval/Function usage; use JSON.parse or safe methods; avoid exec with shell.,3,Run semgrep/js linter to ensure no eval; run npm audit.
aegis/pqcrypto/.venv/lib/python3.12/site-packages/jinja2/runtime.py,unsafe_pattern:js_eval token:eval,Medium,Remove eval/Function usage; use JSON.parse or safe methods; avoid exec with shell.,3,Run semgrep/js linter to ensure no eval; run npm audit.
aegis/pqcrypto/.venv/lib/python3.12/site-packages/jinja2/utils.py,unsafe_pattern:js_eval token:eval,Medium,Remove eval/Function usage; use JSON.parse or safe methods; avoid exec with shell.,3,Run semgrep/js linter to ensure no eval; run npm audit.
aegis/pqcrypto/.venv/lib/python3.12/site-packages/pip/_internal/commands/__pycache__/completion.cpython-312.pyc,unsafe_pattern:js_eval token:eval,Medium,Remove eval/Function usage; use JSON.parse or safe methods; avoid exec with shell.,3,Run semgrep/js linter to ensure no eval; run npm audit.
aegis/pqcrypto/.venv/lib/python3.12/site-packages/pip/_internal/commands/completion.py,unsafe_pattern:js_eval token:eval,Medium,Remove eval/Function usage; use JSON.parse or safe methods; avoid exec with shell.,3,Run semgrep/js linter to ensure no eval; run npm audit.
aegis/pqcrypto/.venv/lib/python3.12/site-packages/pip/_vendor/__pycache__/typing_extensions.cpython-312.pyc,unsafe_pattern:js_eval token:eval,Medium,Remove eval/Function usage; use JSON.parse or safe methods; avoid exec with shell.,3,Run semgrep/js linter to ensure no eval; run npm audit.
aegis/pqcrypto/.venv/lib/python3.12/site-packages/pip/_vendor/pygments/cmdline.py,"unsafe_pattern:sql_concat token:"" + name + '",Medium,Manual review and apply least privilege.,2,Manual verification.
aegis/pqcrypto/.venv/lib/python3.12/site-packages/pip/_vendor/pygments/formatters/__init__.py,unsafe_pattern:js_eval token:eval,Medium,Remove eval/Function usage; use JSON.parse or safe methods; avoid exec with shell.,3,Run semgrep/js linter to ensure no eval; run npm audit.
aegis/pqcrypto/.venv/lib/python3.12/site-packages/pip/_vendor/pygments/formatters/__pycache__/__init__.cpython-312.pyc,unsafe_pattern:js_eval token:eval,Medium,Remove eval/Function usage; use JSON.parse or safe methods; avoid exec with shell.,3,Run semgrep/js linter to ensure no eval; run npm audit.
aegis/pqcrypto/.venv/lib/python3.12/site-packages/pip/_vendor/pygments/formatters/groff.py,unsafe_pattern:sql_concat token:' + color + ',Medium,Manual review and apply least privilege.,2,Manual verification.
aegis/pqcrypto/.venv/lib/python3.12/site-packages/pip/_vendor/pygments/formatters/html.py,unsafe_pattern:sql_concat token:' + CSSFILE_TEMPLATE + ',Medium,Manual review and apply least privilege.,2,Manual verification.
aegis/pqcrypto/.venv/lib/python3.12/site-packages/pip/_vendor/pygments/formatters/html.py,"unsafe_pattern:sql_concat token:' + filename_tr +
            '",Medium,Manual review and apply least privilege.,2,Manual verification.
aegis/pqcrypto/.venv/lib/python3.12/site-packages/pip/_vendor/pygments/formatters/html.py,"unsafe_pattern:sql_concat token:' +
            ls + '",Medium,Manual review and apply least privilege.,2,Manual verification.
aegis/pqcrypto/.venv/lib/python3.12/site-packages/pip/_vendor/pygments/formatters/irc.py,unsafe_pattern:sql_concat token:'+add+',Medium,Manual review and apply least privilege.,2,Manual verification.
aegis/pqcrypto/.venv/lib/python3.12/site-packages/pip/_vendor/pygments/formatters/irc.py,unsafe_pattern:sql_concat token:'+text+',Medium,Manual review and apply least privilege.,2,Manual verification.
aegis/pqcrypto/.venv/lib/python3.12/site-packages/pip/_vendor/pygments/formatters/irc.py,unsafe_pattern:sql_concat token:'+sub+',Medium,Manual review and apply least privilege.,2,Manual verification.
aegis/pqcrypto/.venv/lib/python3.12/site-packages/pip/_vendor/pygments/formatters/svg.py,unsafe_pattern:sql_concat token:' + style + ',Medium,Manual review and apply least privilege.,2,Manual verification.
aegis/pqcrypto/.venv/lib/python3.12/site-packages/pip/_vendor/pygments/lexers/__init__.py,unsafe_pattern:js_eval token:eval,Medium,Remove eval/Function usage; use JSON.parse or safe methods; avoid exec with shell.,3,Run semgrep/js linter to ensure no eval; run npm audit.
aegis/pqcrypto/.venv/lib/python3.12/site-packages/pip/_vendor/pygments/lexers/__pycache__/__init__.cpython-312.pyc,unsafe_pattern:js_eval token:eval,Medium,Remove eval/Function usage; use JSON.parse or safe methods; avoid exec with shell.,3,Run semgrep/js linter to ensure no eval; run npm audit.
aegis/pqcrypto/.venv/lib/python3.12/site-packages/pip/_vendor/pygments/lexers/__pycache__/python.cpython-312.pyc,unsafe_pattern:js_eval token:eval,Medium,Remove eval/Function usage; use JSON.parse or safe methods; avoid exec with shell.,3,Run semgrep/js linter to ensure no eval; run npm audit.
aegis/pqcrypto/.venv/lib/python3.12/site-packages/pip/_vendor/pygments/lexers/python.py,unsafe_pattern:js_eval token:eval,Medium,Remove eval/Function usage; use JSON.parse or safe methods; avoid exec with shell.,3,Run semgrep/js linter to ensure no eval; run npm audit.
aegis/pqcrypto/.venv/lib/python3.12/site-packages/pip/_vendor/pyparsing/__pycache__/core.cpython-312.pyc,unsafe_pattern:sql_concat token:' + integer + ',Medium,Manual review and apply least privilege.,2,Manual verification.
aegis/pqcrypto/.venv/lib/python3.12/site-packages/pip/_vendor/pyparsing/__pycache__/results.cpython-312.pyc,unsafe_pattern:js_eval token:eval,Medium,Remove eval/Function usage; use JSON.parse or safe methods; avoid exec with shell.,3,Run semgrep/js linter to ensure no eval; run npm audit.
aegis/pqcrypto/.venv/lib/python3.12/site-packages/pip/_vendor/pyparsing/__pycache__/results.cpython-312.pyc,unsafe_pattern:sql_concat token:' + func + ',Medium,Manual review and apply least privilege.,2,Manual verification.
aegis/pqcrypto/.venv/lib/python3.12/site-packages/pip/_vendor/pyparsing/core.py,unsafe_pattern:sql_concat token:' + integer + ',Medium,Manual review and apply least privilege.,2,Manual verification.
aegis/pqcrypto/.venv/lib/python3.12/site-packages/pip/_vendor/pyparsing/core.py,"unsafe_pattern:sql_concat token:"" + inner + """,Medium,Manual review and apply least privilege.,2,Manual verification.
aegis/pqcrypto/.venv/lib/python3.12/site-packages/pip/_vendor/pyparsing/exceptions.py,"unsafe_pattern:sql_concat token:"" + _extract_alphanums + """,Medium,Manual review and apply least privilege.,2,Manual verification.
aegis/pqcrypto/.venv/lib/python3.12/site-packages/pip/_vendor/pyparsing/results.py,unsafe_pattern:js_eval token:eval,Medium,Remove eval/Function usage; use JSON.parse or safe methods; avoid exec with shell.,3,Run semgrep/js linter to ensure no eval; run npm audit.
aegis/pqcrypto/.venv/lib/python3.12/site-packages/pip/_vendor/pyparsing/results.py,unsafe_pattern:sql_concat token:' + func + ',Medium,Manual review and apply least privilege.,2,Manual verification.
aegis/pqcrypto/.venv/lib/python3.12/site-packages/pip/_vendor/typing_extensions.py,unsafe_pattern:js_eval token:eval,Medium,Remove eval/Function usage; use JSON.parse or safe methods; avoid exec with shell.,3,Run semgrep/js linter to ensure no eval; run npm audit.
aegis/pqcrypto/.venv/lib/python3.12/site-packages/pip/_vendor/urllib3/util/url.py,"unsafe_pattern:sql_concat token:"" + UNRESERVED_PAT + """,Medium,Manual review and apply least privilege.,2,Manual verification.
aegis/pqcrypto/.venv/lib/python3.12/site-packages/pip/_vendor/urllib3/util/url.py,"unsafe_pattern:sql_concat token:"" + IPV4_PAT + """,Medium,Manual review and apply least privilege.,2,Manual verification.
aegis/pqcrypto/.venv/lib/python3.12/site-packages/pip/_vendor/urllib3/util/url.py,"unsafe_pattern:sql_concat token:"" + IPV6_PAT + """,Medium,Manual review and apply least privilege.,2,Manual verification.
aegis/pqcrypto/.venv/lib/python3.12/site-packages/pip/_vendor/urllib3/util/url.py,"unsafe_pattern:sql_concat token:"" + IPV6_ADDRZ_PAT + """,Medium,Manual review and apply least privilege.,2,Manual verification.
aegis/pqcrypto/pqclean/crypto_kem/mceliece348864/avx2/decrypt.c,unsafe_pattern:js_eval token:eval,Medium,Remove eval/Function usage; use JSON.parse or safe methods; avoid exec with shell.,3,Run semgrep/js linter to ensure no eval; run npm audit.
aegis/pqcrypto/pqclean/crypto_kem/mceliece348864/avx2/pk_gen.c,unsafe_pattern:js_eval token:eval,Medium,Remove eval/Function usage; use JSON.parse or safe methods; avoid exec with shell.,3,Run semgrep/js linter to ensure no eval; run npm audit.
aegis/pqcrypto/pqclean/crypto_kem/mceliece348864/clean/root.c,unsafe_pattern:js_eval token:eval,Medium,Remove eval/Function usage; use JSON.parse or safe methods; avoid exec with shell.,3,Run semgrep/js linter to ensure no eval; run npm audit.
aegis/pqcrypto/pqclean/crypto_kem/mceliece348864/clean/root.h,unsafe_pattern:js_eval token:eval,Medium,Remove eval/Function usage; use JSON.parse or safe methods; avoid exec with shell.,3,Run semgrep/js linter to ensure no eval; run npm audit.
aegis/pqcrypto/pqclean/crypto_kem/mceliece348864/clean/synd.c,unsafe_pattern:js_eval token:eval,Medium,Remove eval/Function usage; use JSON.parse or safe methods; avoid exec with shell.,3,Run semgrep/js linter to ensure no eval; run npm audit.
aegis/pqcrypto/pqclean/crypto_kem/mceliece348864f/avx2/decrypt.c,unsafe_pattern:js_eval token:eval,Medium,Remove eval/Function usage; use JSON.parse or safe methods; avoid exec with shell.,3,Run semgrep/js linter to ensure no eval; run npm audit.
aegis/pqcrypto/pqclean/crypto_kem/mceliece348864f/avx2/pk_gen.c,unsafe_pattern:js_eval token:eval,Medium,Remove eval/Function usage; use JSON.parse or safe methods; avoid exec with shell.,3,Run semgrep/js linter to ensure no eval; run npm audit.
aegis/pqcrypto/pqclean/crypto_kem/mceliece348864f/clean/root.c,unsafe_pattern:js_eval token:eval,Medium,Remove eval/Function usage; use JSON.parse or safe methods; avoid exec with shell.,3,Run semgrep/js linter to ensure no eval; run npm audit.
aegis/pqcrypto/pqclean/crypto_kem/mceliece348864f/clean/root.h,unsafe_pattern:js_eval token:eval,Medium,Remove eval/Function usage; use JSON.parse or safe methods; avoid exec with shell.,3,Run semgrep/js linter to ensure no eval; run npm audit.
aegis/pqcrypto/pqclean/crypto_kem/mceliece348864f/clean/synd.c,unsafe_pattern:js_eval token:eval,Medium,Remove eval/Function usage; use JSON.parse or safe methods; avoid exec with shell.,3,Run semgrep/js linter to ensure no eval; run npm audit.
aegis/pqcrypto/pqclean/crypto_kem/mceliece460896/avx2/decrypt.c,unsafe_pattern:js_eval token:eval,Medium,Remove eval/Function usage; use JSON.parse or safe methods; avoid exec with shell.,3,Run semgrep/js linter to ensure no eval; run npm audit.
aegis/pqcrypto/pqclean/crypto_kem/mceliece460896/avx2/pk_gen.c,unsafe_pattern:js_eval token:eval,Medium,Remove eval/Function usage; use JSON.parse or safe methods; avoid exec with shell.,3,Run semgrep/js linter to ensure no eval; run npm audit.
aegis/pqcrypto/pqclean/crypto_kem/mceliece460896/clean/root.c,unsafe_pattern:js_eval token:eval,Medium,Remove eval/Function usage; use JSON.parse or safe methods; avoid exec with shell.,3,Run semgrep/js linter to ensure no eval; run npm audit.
aegis/pqcrypto/pqclean/crypto_kem/mceliece460896/clean/root.h,unsafe_pattern:js_eval token:eval,Medium,Remove eval/Function usage; use JSON.parse or safe methods; avoid exec with shell.,3,Run semgrep/js linter to ensure no eval; run npm audit.
aegis/pqcrypto/pqclean/crypto_kem/mceliece460896/clean/synd.c,unsafe_pattern:js_eval token:eval,Medium,Remove eval/Function usage; use JSON.parse or safe methods; avoid exec with shell.,3,Run semgrep/js linter to ensure no eval; run npm audit.
aegis/pqcrypto/pqclean/crypto_kem/mceliece460896f/avx2/decrypt.c,unsafe_pattern:js_eval token:eval,Medium,Remove eval/Function usage; use JSON.parse or safe methods; avoid exec with shell.,3,Run semgrep/js linter to ensure no eval; run npm audit.
aegis/pqcrypto/pqclean/crypto_kem/mceliece460896f/avx2/pk_gen.c,unsafe_pattern:js_eval token:eval,Medium,Remove eval/Function usage; use JSON.parse or safe methods; avoid exec with shell.,3,Run semgrep/js linter to ensure no eval; run npm audit.
aegis/pqcrypto/pqclean/crypto_kem/mceliece460896f/clean/root.c,unsafe_pattern:js_eval token:eval,Medium,Remove eval/Function usage; use JSON.parse or safe methods; avoid exec with shell.,3,Run semgrep/js linter to ensure no eval; run npm audit.
aegis/pqcrypto/pqclean/crypto_kem/mceliece460896f/clean/root.h,unsafe_pattern:js_eval token:eval,Medium,Remove eval/Function usage; use JSON.parse or safe methods; avoid exec with shell.,3,Run semgrep/js linter to ensure no eval; run npm audit.
aegis/pqcrypto/pqclean/crypto_kem/mceliece460896f/clean/synd.c,unsafe_pattern:js_eval token:eval,Medium,Remove eval/Function usage; use JSON.parse or safe methods; avoid exec with shell.,3,Run semgrep/js linter to ensure no eval; run npm audit.
aegis/pqcrypto/pqclean/crypto_kem/mceliece6688128/avx2/decrypt.c,unsafe_pattern:js_eval token:eval,Medium,Remove eval/Function usage; use JSON.parse or safe methods; avoid exec with shell.,3,Run semgrep/js linter to ensure no eval; run npm audit.
aegis/pqcrypto/pqclean/crypto_kem/mceliece6688128/avx2/pk_gen.c,unsafe_pattern:js_eval token:eval,Medium,Remove eval/Function usage; use JSON.parse or safe methods; avoid exec with shell.,3,Run semgrep/js linter to ensure no eval; run npm audit.
aegis/pqcrypto/pqclean/crypto_kem/mceliece6688128/clean/root.c,unsafe_pattern:js_eval token:eval,Medium,Remove eval/Function usage; use JSON.parse or safe methods; avoid exec with shell.,3,Run semgrep/js linter to ensure no eval; run npm audit.
aegis/pqcrypto/pqclean/crypto_kem/mceliece6688128/clean/root.h,unsafe_pattern:js_eval token:eval,Medium,Remove eval/Function usage; use JSON.parse or safe methods; avoid exec with shell.,3,Run semgrep/js linter to ensure no eval; run npm audit.
aegis/pqcrypto/pqclean/crypto_kem/mceliece6688128/clean/synd.c,unsafe_pattern:js_eval token:eval,Medium,Remove eval/Function usage; use JSON.parse or safe methods; avoid exec with shell.,3,Run semgrep/js linter to ensure no eval; run npm audit.
aegis/pqcrypto/pqclean/crypto_kem/mceliece6688128f/avx2/decrypt.c,unsafe_pattern:js_eval token:eval,Medium,Remove eval/Function usage; use JSON.parse or safe methods; avoid exec with shell.,3,Run semgrep/js linter to ensure no eval; run npm audit.
aegis/pqcrypto/pqclean/crypto_kem/mceliece6688128f/avx2/pk_gen.c,unsafe_pattern:js_eval token:eval,Medium,Remove eval/Function usage; use JSON.parse or safe methods; avoid exec with shell.,3,Run semgrep/js linter to ensure no eval; run npm audit.
aegis/pqcrypto/pqclean/crypto_kem/mceliece6688128f/clean/root.c,unsafe_pattern:js_eval token:eval,Medium,Remove eval/Function usage; use JSON.parse or safe methods; avoid exec with shell.,3,Run semgrep/js linter to ensure no eval; run npm audit.
aegis/pqcrypto/pqclean/crypto_kem/mceliece6688128f/clean/root.h,unsafe_pattern:js_eval token:eval,Medium,Remove eval/Function usage; use JSON.parse or safe methods; avoid exec with shell.,3,Run semgrep/js linter to ensure no eval; run npm audit.
aegis/pqcrypto/pqclean/crypto_kem/mceliece6688128f/clean/synd.c,unsafe_pattern:js_eval token:eval,Medium,Remove eval/Function usage; use JSON.parse or safe methods; avoid exec with shell.,3,Run semgrep/js linter to ensure no eval; run npm audit.
aegis/pqcrypto/pqclean/crypto_kem/mceliece6960119/avx2/decrypt.c,unsafe_pattern:js_eval token:eval,Medium,Remove eval/Function usage; use JSON.parse or safe methods; avoid exec with shell.,3,Run semgrep/js linter to ensure no eval; run npm audit.
aegis/pqcrypto/pqclean/crypto_kem/mceliece6960119/avx2/pk_gen.c,unsafe_pattern:js_eval token:eval,Medium,Remove eval/Function usage; use JSON.parse or safe methods; avoid exec with shell.,3,Run semgrep/js linter to ensure no eval; run npm audit.
aegis/pqcrypto/pqclean/crypto_kem/mceliece6960119/clean/namespacing,unsafe_pattern:js_eval token:eval,Medium,Remove eval/Function usage; use JSON.parse or safe methods; avoid exec with shell.,3,Run semgrep/js linter to ensure no eval; run npm audit.
aegis/pqcrypto/pqclean/crypto_kem/mceliece6960119/clean/root.c,unsafe_pattern:js_eval token:eval,Medium,Remove eval/Function usage; use JSON.parse or safe methods; avoid exec with shell.,3,Run semgrep/js linter to ensure no eval; run npm audit.
aegis/pqcrypto/pqclean/crypto_kem/mceliece6960119/clean/root.h,unsafe_pattern:js_eval token:eval,Medium,Remove eval/Function usage; use JSON.parse or safe methods; avoid exec with shell.,3,Run semgrep/js linter to ensure no eval; run npm audit.
aegis/pqcrypto/pqclean/crypto_kem/mceliece6960119/clean/synd.c,unsafe_pattern:js_eval token:eval,Medium,Remove eval/Function usage; use JSON.parse or safe methods; avoid exec with shell.,3,Run semgrep/js linter to ensure no eval; run npm audit.
aegis/pqcrypto/pqclean/crypto_kem/mceliece6960119f/avx2/decrypt.c,unsafe_pattern:js_eval token:eval,Medium,Remove eval/Function usage; use JSON.parse or safe methods; avoid exec with shell.,3,Run semgrep/js linter to ensure no eval; run npm audit.
aegis/pqcrypto/pqclean/crypto_kem/mceliece6960119f/avx2/pk_gen.c,unsafe_pattern:js_eval token:eval,Medium,Remove eval/Function usage; use JSON.parse or safe methods; avoid exec with shell.,3,Run semgrep/js linter to ensure no eval; run npm audit.
aegis/pqcrypto/pqclean/crypto_kem/mceliece6960119f/clean/namespacing,unsafe_pattern:js_eval token:eval,Medium,Remove eval/Function usage; use JSON.parse or safe methods; avoid exec with shell.,3,Run semgrep/js linter to ensure no eval; run npm audit.
aegis/pqcrypto/pqclean/crypto_kem/mceliece6960119f/clean/root.c,unsafe_pattern:js_eval token:eval,Medium,Remove eval/Function usage; use JSON.parse or safe methods; avoid exec with shell.,3,Run semgrep/js linter to ensure no eval; run npm audit.
aegis/pqcrypto/pqclean/crypto_kem/mceliece6960119f/clean/root.h,unsafe_pattern:js_eval token:eval,Medium,Remove eval/Function usage; use JSON.parse or safe methods; avoid exec with shell.,3,Run semgrep/js linter to ensure no eval; run npm audit.
aegis/pqcrypto/pqclean/crypto_kem/mceliece6960119f/clean/synd.c,unsafe_pattern:js_eval token:eval,Medium,Remove eval/Function usage; use JSON.parse or safe methods; avoid exec with shell.,3,Run semgrep/js linter to ensure no eval; run npm audit.
aegis/pqcrypto/pqclean/crypto_kem/mceliece8192128/avx2/decrypt.c,unsafe_pattern:js_eval token:eval,Medium,Remove eval/Function usage; use JSON.parse or safe methods; avoid exec with shell.,3,Run semgrep/js linter to ensure no eval; run npm audit.
aegis/pqcrypto/pqclean/crypto_kem/mceliece8192128/avx2/pk_gen.c,unsafe_pattern:js_eval token:eval,Medium,Remove eval/Function usage; use JSON.parse or safe methods; avoid exec with shell.,3,Run semgrep/js linter to ensure no eval; run npm audit.
aegis/pqcrypto/pqclean/crypto_kem/mceliece8192128/clean/namespacing,unsafe_pattern:js_eval token:eval,Medium,Remove eval/Function usage; use JSON.parse or safe methods; avoid exec with shell.,3,Run semgrep/js linter to ensure no eval; run npm audit.
aegis/pqcrypto/pqclean/crypto_kem/mceliece8192128/clean/root.c,unsafe_pattern:js_eval token:eval,Medium,Remove eval/Function usage; use JSON.parse or safe methods; avoid exec with shell.,3,Run semgrep/js linter to ensure no eval; run npm audit.
aegis/pqcrypto/pqclean/crypto_kem/mceliece8192128/clean/root.h,unsafe_pattern:js_eval token:eval,Medium,Remove eval/Function usage; use JSON.parse or safe methods; avoid exec with shell.,3,Run semgrep/js linter to ensure no eval; run npm audit.
aegis/pqcrypto/pqclean/crypto_kem/mceliece8192128/clean/synd.c,unsafe_pattern:js_eval token:eval,Medium,Remove eval/Function usage; use JSON.parse or safe methods; avoid exec with shell.,3,Run semgrep/js linter to ensure no eval; run npm audit.
aegis/pqcrypto/pqclean/crypto_kem/mceliece8192128f/avx2/decrypt.c,unsafe_pattern:js_eval token:eval,Medium,Remove eval/Function usage; use JSON.parse or safe methods; avoid exec with shell.,3,Run semgrep/js linter to ensure no eval; run npm audit.
aegis/pqcrypto/pqclean/crypto_kem/mceliece8192128f/avx2/pk_gen.c,unsafe_pattern:js_eval token:eval,Medium,Remove eval/Function usage; use JSON.parse or safe methods; avoid exec with shell.,3,Run semgrep/js linter to ensure no eval; run npm audit.
aegis/pqcrypto/pqclean/crypto_kem/mceliece8192128f/clean/namespacing,unsafe_pattern:js_eval token:eval,Medium,Remove eval/Function usage; use JSON.parse or safe methods; avoid exec with shell.,3,Run semgrep/js linter to ensure no eval; run npm audit.
aegis/pqcrypto/pqclean/crypto_kem/mceliece8192128f/clean/root.c,unsafe_pattern:js_eval token:eval,Medium,Remove eval/Function usage; use JSON.parse or safe methods; avoid exec with shell.,3,Run semgrep/js linter to ensure no eval; run npm audit.
aegis/pqcrypto/pqclean/crypto_kem/mceliece8192128f/clean/root.h,unsafe_pattern:js_eval token:eval,Medium,Remove eval/Function usage; use JSON.parse or safe methods; avoid exec with shell.,3,Run semgrep/js linter to ensure no eval; run npm audit.
aegis/pqcrypto/pqclean/crypto_kem/mceliece8192128f/clean/synd.c,unsafe_pattern:js_eval token:eval,Medium,Remove eval/Function usage; use JSON.parse or safe methods; avoid exec with shell.,3,Run semgrep/js linter to ensure no eval; run npm audit.
